{"test_skipped":{"reason":"No non-Google decoders for [{track-id=1, level=1, mime=video/3gpp, frame-count=122, profile=1, language=und, display-width=176, durationUs=10166666, display-height=144, width=176, max-input-size=12275, frame-rate=12, height=144}]","test":"android.media.cts.VideoDecoderPerfTest.testH263Other0Perf0176x0144"},"test_skipped":{"reason":"No non-Google decoders for [{sar-width=12, track-id=1, level=1, mime=video/3gpp, frame-count=122, profile=1, language=und, display-width=384, sar-height=11, durationUs=10166666, display-height=288, width=352, max-input-size=36863, frame-rate=12, height=288}]","test":"android.media.cts.VideoDecoderPerfTest.testH263Other0Perf0352x0288"},"test_skipped":{"reason":"No non-Google decoders for [{track-id=1, level=1, mime=video/3gpp, frame-count=122, profile=1, language=und, display-width=176, durationUs=10166666, display-height=144, width=176, max-input-size=12275, frame-rate=12, height=144}]","test":"android.media.cts.VideoDecoderPerfTest.testH263Other1Perf0176x0144"},"test_skipped":{"reason":"No non-Google decoders for [{sar-width=12, track-id=1, level=1, mime=video/3gpp, frame-count=122, profile=1, language=und, display-width=384, sar-height=11, durationUs=10166666, display-height=288, width=352, max-input-size=36863, frame-rate=12, height=288}]","test":"android.media.cts.VideoDecoderPerfTest.testH263Other1Perf0352x0288"},"test_skipped":{"reason":"No Google decoders for [{track-id=1, level=16384, mime=video/hevc, frame-count=150, profile=1, language=und, display-width=3840, durationUs=4999687, display-height=2160, width=3840, max-input-size=614024, frame-rate=30, height=2160, csd-0=java.nio.HeapByteBuffer[pos=0 lim=1078 cap=1078]}, {track-id=1, level=65536, mime=video/hevc, frame-count=300, profile=1, language=und, display-width=3840, durationUs=4999312, display-height=2160, width=3840, max-input-size=366770, frame-rate=60, height=2160, csd-0=java.nio.HeapByteBuffer[pos=0 lim=1078 cap=1078]}]","test":"android.media.cts.VideoDecoderPerfTest.testHevcGoog0Perf3840x2160"},"test_skipped":{"reason":"No Google decoders for [{track-id=1, level=16384, mime=video/hevc, frame-count=150, profile=1, language=und, display-width=3840, durationUs=4999687, display-height=2160, width=3840, max-input-size=614024, frame-rate=30, height=2160, csd-0=java.nio.HeapByteBuffer[pos=0 lim=1078 cap=1078]}, {track-id=1, level=65536, mime=video/hevc, frame-count=300, profile=1, language=und, display-width=3840, durationUs=4999312, display-height=2160, width=3840, max-input-size=366770, frame-rate=60, height=2160, csd-0=java.nio.HeapByteBuffer[pos=0 lim=1078 cap=1078]}]","test":"android.media.cts.VideoDecoderPerfTest.testHevcGoog1Perf3840x2160"},"test_skipped":{"reason":"No Google decoders for [{max-bitrate=200000, track-id=1, level=4, mime=video/mp4v-es, frame-count=249, profile=1, language=und, display-width=480, durationUs=9960000, display-height=360, width=480, max-input-size=33167, frame-rate=25, height=360, csd-0=java.nio.HeapByteBuffer[pos=0 lim=45 cap=45]}]","test":"android.media.cts.VideoDecoderPerfTest.testMpeg4Goog0Perf0480x0360"},"test_skipped":{"reason":"No Google decoders for [{max-bitrate=1140493, sar-width=3, track-id=1, level=4, mime=video/mp4v-es, frame-count=249, profile=1, language=und, bitrate=1140493, display-width=960, sar-height=4, durationUs=9960000, display-height=720, width=1280, max-input-size=74857, frame-rate=25, height=720, csd-0=java.nio.HeapByteBuffer[pos=0 lim=49 cap=49]}]","test":"android.media.cts.VideoDecoderPerfTest.testMpeg4Goog0Perf1280x0720"},"test_skipped":{"reason":"No Google decoders for [{max-bitrate=200000, track-id=1, level=4, mime=video/mp4v-es, frame-count=249, profile=1, language=und, display-width=480, durationUs=9960000, display-height=360, width=480, max-input-size=33167, frame-rate=25, height=360, csd-0=java.nio.HeapByteBuffer[pos=0 lim=45 cap=45]}]","test":"android.media.cts.VideoDecoderPerfTest.testMpeg4Goog1Perf0480x0360"},"test_skipped":{"reason":"No Google decoders for [{max-bitrate=1140493, sar-width=3, track-id=1, level=4, mime=video/mp4v-es, frame-count=249, profile=1, language=und, bitrate=1140493, display-width=960, sar-height=4, durationUs=9960000, display-height=720, width=1280, max-input-size=74857, frame-rate=25, height=720, csd-0=java.nio.HeapByteBuffer[pos=0 lim=49 cap=49]}]","test":"android.media.cts.VideoDecoderPerfTest.testMpeg4Goog1Perf1280x0720"},"test_skipped":{"reason":"No non-Google decoders for [{max-bitrate=377396, sar-width=65536, track-id=1, level=4, mime=video/mp4v-es, frame-count=249, profile=1, language=```, bitrate=377396, display-width=176, sar-height=65536, durationUs=9960000, display-height=144, width=176, max-input-size=13710, frame-rate=25, height=144, csd-0=java.nio.HeapByteBuffer[pos=0 lim=45 cap=45]}]","test":"android.media.cts.VideoDecoderPerfTest.testMpeg4Other0Perf0176x0144"},"test_skipped":{"reason":"No non-Google decoders for [{max-bitrate=200000, track-id=1, level=4, mime=video/mp4v-es, frame-count=249, profile=1, language=und, display-width=480, durationUs=9960000, display-height=360, width=480, max-input-size=33167, frame-rate=25, height=360, csd-0=java.nio.HeapByteBuffer[pos=0 lim=45 cap=45]}]","test":"android.media.cts.VideoDecoderPerfTest.testMpeg4Other0Perf0480x0360"},"test_skipped":{"reason":"No non-Google decoders for [{max-bitrate=1140493, sar-width=3, track-id=1, level=4, mime=video/mp4v-es, frame-count=249, profile=1, language=und, bitrate=1140493, display-width=960, sar-height=4, durationUs=9960000, display-height=720, width=1280, max-input-size=74857, frame-rate=25, height=720, csd-0=java.nio.HeapByteBuffer[pos=0 lim=49 cap=49]}]","test":"android.media.cts.VideoDecoderPerfTest.testMpeg4Other0Perf1280x0720"},"test_skipped":{"reason":"No non-Google decoders for [{max-bitrate=377396, sar-width=65536, track-id=1, level=4, mime=video/mp4v-es, frame-count=249, profile=1, language=```, bitrate=377396, display-width=176, sar-height=65536, durationUs=9960000, display-height=144, width=176, max-input-size=13710, frame-rate=25, height=144, csd-0=java.nio.HeapByteBuffer[pos=0 lim=45 cap=45]}]","test":"android.media.cts.VideoDecoderPerfTest.testMpeg4Other1Perf0176x0144"},"test_skipped":{"reason":"No non-Google decoders for [{max-bitrate=200000, track-id=1, level=4, mime=video/mp4v-es, frame-count=249, profile=1, language=und, display-width=480, durationUs=9960000, display-height=360, width=480, max-input-size=33167, frame-rate=25, height=360, csd-0=java.nio.HeapByteBuffer[pos=0 lim=45 cap=45]}]","test":"android.media.cts.VideoDecoderPerfTest.testMpeg4Other1Perf0480x0360"},"test_skipped":{"reason":"No non-Google decoders for [{max-bitrate=1140493, sar-width=3, track-id=1, level=4, mime=video/mp4v-es, frame-count=249, profile=1, language=und, bitrate=1140493, display-width=960, sar-height=4, durationUs=9960000, display-height=720, width=1280, max-input-size=74857, frame-rate=25, height=720, csd-0=java.nio.HeapByteBuffer[pos=0 lim=49 cap=49]}]","test":"android.media.cts.VideoDecoderPerfTest.testMpeg4Other1Perf1280x0720"},"test_skipped":{"reason":"No non-Google decoders for [{max-bitrate=377396, sar-width=65536, track-id=1, level=4, mime=video/mp4v-es, frame-count=249, profile=1, language=```, bitrate=377396, display-width=176, sar-height=65536, durationUs=9960000, display-height=144, width=176, max-input-size=13710, frame-rate=25, height=144, csd-0=java.nio.HeapByteBuffer[pos=0 lim=45 cap=45]}]","test":"android.media.cts.VideoDecoderPerfTest.testMpeg4Other2Perf0176x0144"},"test_skipped":{"reason":"No non-Google decoders for [{max-bitrate=200000, track-id=1, level=4, mime=video/mp4v-es, frame-count=249, profile=1, language=und, display-width=480, durationUs=9960000, display-height=360, width=480, max-input-size=33167, frame-rate=25, height=360, csd-0=java.nio.HeapByteBuffer[pos=0 lim=45 cap=45]}]","test":"android.media.cts.VideoDecoderPerfTest.testMpeg4Other2Perf0480x0360"},"test_skipped":{"reason":"No non-Google decoders for [{max-bitrate=1140493, sar-width=3, track-id=1, level=4, mime=video/mp4v-es, frame-count=249, profile=1, language=und, bitrate=1140493, display-width=960, sar-height=4, durationUs=9960000, display-height=720, width=1280, max-input-size=74857, frame-rate=25, height=720, csd-0=java.nio.HeapByteBuffer[pos=0 lim=49 cap=49]}]","test":"android.media.cts.VideoDecoderPerfTest.testMpeg4Other2Perf1280x0720"},"test_skipped":{"reason":"No non-Google decoders for [{max-bitrate=377396, sar-width=65536, track-id=1, level=4, mime=video/mp4v-es, frame-count=249, profile=1, language=```, bitrate=377396, display-width=176, sar-height=65536, durationUs=9960000, display-height=144, width=176, max-input-size=13710, frame-rate=25, height=144, csd-0=java.nio.HeapByteBuffer[pos=0 lim=45 cap=45]}]","test":"android.media.cts.VideoDecoderPerfTest.testMpeg4Other3Perf0176x0144"},"test_skipped":{"reason":"No non-Google decoders for [{max-bitrate=200000, track-id=1, level=4, mime=video/mp4v-es, frame-count=249, profile=1, language=und, display-width=480, durationUs=9960000, display-height=360, width=480, max-input-size=33167, frame-rate=25, height=360, csd-0=java.nio.HeapByteBuffer[pos=0 lim=45 cap=45]}]","test":"android.media.cts.VideoDecoderPerfTest.testMpeg4Other3Perf0480x0360"},"test_skipped":{"reason":"No non-Google decoders for [{max-bitrate=1140493, sar-width=3, track-id=1, level=4, mime=video/mp4v-es, frame-count=249, profile=1, language=und, bitrate=1140493, display-width=960, sar-height=4, durationUs=9960000, display-height=720, width=1280, max-input-size=74857, frame-rate=25, height=720, csd-0=java.nio.HeapByteBuffer[pos=0 lim=49 cap=49]}]","test":"android.media.cts.VideoDecoderPerfTest.testMpeg4Other3Perf1280x0720"},"test_skipped":{"reason":"No Google decoders for [{track-id=1, durationUs=5013000, display-height=2160, mime=video/x-vnd.on2.vp9, width=3840, language=und, height=2160, display-width=3840}, {track-id=1, durationUs=5030000, display-height=2160, mime=video/x-vnd.on2.vp9, width=3840, language=und, height=2160, display-width=3840}]","test":"android.media.cts.VideoDecoderPerfTest.testVp9Goog0Perf3840x2160"},"test_skipped":{"reason":"No Google decoders for [{track-id=1, durationUs=5013000, display-height=2160, mime=video/x-vnd.on2.vp9, width=3840, language=und, height=2160, display-width=3840}, {track-id=1, durationUs=5030000, display-height=2160, mime=video/x-vnd.on2.vp9, width=3840, language=und, height=2160, display-width=3840}]","test":"android.media.cts.VideoDecoderPerfTest.testVp9Goog1Perf3840x2160"},"test_skipped":{"reason":"No non-Google decoders for [{track-id=1, level=1, mime=video/3gpp, frame-count=122, profile=1, language=und, display-width=176, durationUs=10166666, display-height=144, width=176, max-input-size=12275, frame-rate=12, height=144}]","test":"android.media.cts.VideoDecoderPerfTest.testH263Other0Perf0176x0144"},"test_skipped":{"reason":"No non-Google decoders for [{sar-width=12, track-id=1, level=1, mime=video/3gpp, frame-count=122, profile=1, language=und, display-width=384, sar-height=11, durationUs=10166666, display-height=288, width=352, max-input-size=36863, frame-rate=12, height=288}]","test":"android.media.cts.VideoDecoderPerfTest.testH263Other0Perf0352x0288"},"test_skipped":{"reason":"No non-Google decoders for [{track-id=1, level=1, mime=video/3gpp, frame-count=122, profile=1, language=und, display-width=176, durationUs=10166666, display-height=144, width=176, max-input-size=12275, frame-rate=12, height=144}]","test":"android.media.cts.VideoDecoderPerfTest.testH263Other1Perf0176x0144"},"test_skipped":{"reason":"No non-Google decoders for [{sar-width=12, track-id=1, level=1, mime=video/3gpp, frame-count=122, profile=1, language=und, display-width=384, sar-height=11, durationUs=10166666, display-height=288, width=352, max-input-size=36863, frame-rate=12, height=288}]","test":"android.media.cts.VideoDecoderPerfTest.testH263Other1Perf0352x0288"},"test_skipped":{"reason":"No Google decoders for [{track-id=1, level=16384, mime=video/hevc, frame-count=150, profile=1, language=und, display-width=3840, durationUs=4999687, display-height=2160, width=3840, max-input-size=614024, frame-rate=30, height=2160, csd-0=java.nio.HeapByteBuffer[pos=0 lim=1078 cap=1078]}, {track-id=1, level=65536, mime=video/hevc, frame-count=300, profile=1, language=und, display-width=3840, durationUs=4999312, display-height=2160, width=3840, max-input-size=366770, frame-rate=60, height=2160, csd-0=java.nio.HeapByteBuffer[pos=0 lim=1078 cap=1078]}]","test":"android.media.cts.VideoDecoderPerfTest.testHevcGoog0Perf3840x2160"},"test_skipped":{"reason":"No Google decoders for [{track-id=1, level=16384, mime=video/hevc, frame-count=150, profile=1, language=und, display-width=3840, durationUs=4999687, display-height=2160, width=3840, max-input-size=614024, frame-rate=30, height=2160, csd-0=java.nio.HeapByteBuffer[pos=0 lim=1078 cap=1078]}, {track-id=1, level=65536, mime=video/hevc, frame-count=300, profile=1, language=und, display-width=3840, durationUs=4999312, display-height=2160, width=3840, max-input-size=366770, frame-rate=60, height=2160, csd-0=java.nio.HeapByteBuffer[pos=0 lim=1078 cap=1078]}]","test":"android.media.cts.VideoDecoderPerfTest.testHevcGoog1Perf3840x2160"},"test_skipped":{"reason":"No Google decoders for [{max-bitrate=200000, track-id=1, level=4, mime=video/mp4v-es, frame-count=249, profile=1, language=und, display-width=480, durationUs=9960000, display-height=360, width=480, max-input-size=33167, frame-rate=25, height=360, csd-0=java.nio.HeapByteBuffer[pos=0 lim=45 cap=45]}]","test":"android.media.cts.VideoDecoderPerfTest.testMpeg4Goog0Perf0480x0360"},"test_skipped":{"reason":"No Google decoders for [{max-bitrate=1140493, sar-width=3, track-id=1, level=4, mime=video/mp4v-es, frame-count=249, profile=1, language=und, bitrate=1140493, display-width=960, sar-height=4, durationUs=9960000, display-height=720, width=1280, max-input-size=74857, frame-rate=25, height=720, csd-0=java.nio.HeapByteBuffer[pos=0 lim=49 cap=49]}]","test":"android.media.cts.VideoDecoderPerfTest.testMpeg4Goog0Perf1280x0720"},"test_skipped":{"reason":"No Google decoders for [{max-bitrate=200000, track-id=1, level=4, mime=video/mp4v-es, frame-count=249, profile=1, language=und, display-width=480, durationUs=9960000, display-height=360, width=480, max-input-size=33167, frame-rate=25, height=360, csd-0=java.nio.HeapByteBuffer[pos=0 lim=45 cap=45]}]","test":"android.media.cts.VideoDecoderPerfTest.testMpeg4Goog1Perf0480x0360"},"test_skipped":{"reason":"No Google decoders for [{max-bitrate=1140493, sar-width=3, track-id=1, level=4, mime=video/mp4v-es, frame-count=249, profile=1, language=und, bitrate=1140493, display-width=960, sar-height=4, durationUs=9960000, display-height=720, width=1280, max-input-size=74857, frame-rate=25, height=720, csd-0=java.nio.HeapByteBuffer[pos=0 lim=49 cap=49]}]","test":"android.media.cts.VideoDecoderPerfTest.testMpeg4Goog1Perf1280x0720"},"test_skipped":{"reason":"No non-Google decoders for [{max-bitrate=377396, sar-width=65536, track-id=1, level=4, mime=video/mp4v-es, frame-count=249, profile=1, language=```, bitrate=377396, display-width=176, sar-height=65536, durationUs=9960000, display-height=144, width=176, max-input-size=13710, frame-rate=25, height=144, csd-0=java.nio.HeapByteBuffer[pos=0 lim=45 cap=45]}]","test":"android.media.cts.VideoDecoderPerfTest.testMpeg4Other0Perf0176x0144"},"test_skipped":{"reason":"No non-Google decoders for [{max-bitrate=200000, track-id=1, level=4, mime=video/mp4v-es, frame-count=249, profile=1, language=und, display-width=480, durationUs=9960000, display-height=360, width=480, max-input-size=33167, frame-rate=25, height=360, csd-0=java.nio.HeapByteBuffer[pos=0 lim=45 cap=45]}]","test":"android.media.cts.VideoDecoderPerfTest.testMpeg4Other0Perf0480x0360"},"test_skipped":{"reason":"No non-Google decoders for [{max-bitrate=1140493, sar-width=3, track-id=1, level=4, mime=video/mp4v-es, frame-count=249, profile=1, language=und, bitrate=1140493, display-width=960, sar-height=4, durationUs=9960000, display-height=720, width=1280, max-input-size=74857, frame-rate=25, height=720, csd-0=java.nio.HeapByteBuffer[pos=0 lim=49 cap=49]}]","test":"android.media.cts.VideoDecoderPerfTest.testMpeg4Other0Perf1280x0720"},"test_skipped":{"reason":"No non-Google decoders for [{max-bitrate=377396, sar-width=65536, track-id=1, level=4, mime=video/mp4v-es, frame-count=249, profile=1, language=```, bitrate=377396, display-width=176, sar-height=65536, durationUs=9960000, display-height=144, width=176, max-input-size=13710, frame-rate=25, height=144, csd-0=java.nio.HeapByteBuffer[pos=0 lim=45 cap=45]}]","test":"android.media.cts.VideoDecoderPerfTest.testMpeg4Other1Perf0176x0144"},"test_skipped":{"reason":"No non-Google decoders for [{max-bitrate=200000, track-id=1, level=4, mime=video/mp4v-es, frame-count=249, profile=1, language=und, display-width=480, durationUs=9960000, display-height=360, width=480, max-input-size=33167, frame-rate=25, height=360, csd-0=java.nio.HeapByteBuffer[pos=0 lim=45 cap=45]}]","test":"android.media.cts.VideoDecoderPerfTest.testMpeg4Other1Perf0480x0360"},"test_skipped":{"reason":"No non-Google decoders for [{max-bitrate=1140493, sar-width=3, track-id=1, level=4, mime=video/mp4v-es, frame-count=249, profile=1, language=und, bitrate=1140493, display-width=960, sar-height=4, durationUs=9960000, display-height=720, width=1280, max-input-size=74857, frame-rate=25, height=720, csd-0=java.nio.HeapByteBuffer[pos=0 lim=49 cap=49]}]","test":"android.media.cts.VideoDecoderPerfTest.testMpeg4Other1Perf1280x0720"},"test_skipped":{"reason":"No non-Google decoders for [{max-bitrate=377396, sar-width=65536, track-id=1, level=4, mime=video/mp4v-es, frame-count=249, profile=1, language=```, bitrate=377396, display-width=176, sar-height=65536, durationUs=9960000, display-height=144, width=176, max-input-size=13710, frame-rate=25, height=144, csd-0=java.nio.HeapByteBuffer[pos=0 lim=45 cap=45]}]","test":"android.media.cts.VideoDecoderPerfTest.testMpeg4Other2Perf0176x0144"},"test_skipped":{"reason":"No non-Google decoders for [{max-bitrate=200000, track-id=1, level=4, mime=video/mp4v-es, frame-count=249, profile=1, language=und, display-width=480, durationUs=9960000, display-height=360, width=480, max-input-size=33167, frame-rate=25, height=360, csd-0=java.nio.HeapByteBuffer[pos=0 lim=45 cap=45]}]","test":"android.media.cts.VideoDecoderPerfTest.testMpeg4Other2Perf0480x0360"},"test_skipped":{"reason":"No non-Google decoders for [{max-bitrate=1140493, sar-width=3, track-id=1, level=4, mime=video/mp4v-es, frame-count=249, profile=1, language=und, bitrate=1140493, display-width=960, sar-height=4, durationUs=9960000, display-height=720, width=1280, max-input-size=74857, frame-rate=25, height=720, csd-0=java.nio.HeapByteBuffer[pos=0 lim=49 cap=49]}]","test":"android.media.cts.VideoDecoderPerfTest.testMpeg4Other2Perf1280x0720"},"test_skipped":{"reason":"No non-Google decoders for [{max-bitrate=377396, sar-width=65536, track-id=1, level=4, mime=video/mp4v-es, frame-count=249, profile=1, language=```, bitrate=377396, display-width=176, sar-height=65536, durationUs=9960000, display-height=144, width=176, max-input-size=13710, frame-rate=25, height=144, csd-0=java.nio.HeapByteBuffer[pos=0 lim=45 cap=45]}]","test":"android.media.cts.VideoDecoderPerfTest.testMpeg4Other3Perf0176x0144"},"test_skipped":{"reason":"No non-Google decoders for [{max-bitrate=200000, track-id=1, level=4, mime=video/mp4v-es, frame-count=249, profile=1, language=und, display-width=480, durationUs=9960000, display-height=360, width=480, max-input-size=33167, frame-rate=25, height=360, csd-0=java.nio.HeapByteBuffer[pos=0 lim=45 cap=45]}]","test":"android.media.cts.VideoDecoderPerfTest.testMpeg4Other3Perf0480x0360"},"test_skipped":{"reason":"No non-Google decoders for [{max-bitrate=1140493, sar-width=3, track-id=1, level=4, mime=video/mp4v-es, frame-count=249, profile=1, language=und, bitrate=1140493, display-width=960, sar-height=4, durationUs=9960000, display-height=720, width=1280, max-input-size=74857, frame-rate=25, height=720, csd-0=java.nio.HeapByteBuffer[pos=0 lim=49 cap=49]}]","test":"android.media.cts.VideoDecoderPerfTest.testMpeg4Other3Perf1280x0720"},"test_skipped":{"reason":"No Google decoders for [{track-id=1, durationUs=5013000, display-height=2160, mime=video/x-vnd.on2.vp9, width=3840, language=und, height=2160, display-width=3840}, {track-id=1, durationUs=5030000, display-height=2160, mime=video/x-vnd.on2.vp9, width=3840, language=und, height=2160, display-width=3840}]","test":"android.media.cts.VideoDecoderPerfTest.testVp9Goog0Perf3840x2160"},"test_skipped":{"reason":"No Google decoders for [{track-id=1, durationUs=5013000, display-height=2160, mime=video/x-vnd.on2.vp9, width=3840, language=und, height=2160, display-width=3840}, {track-id=1, durationUs=5030000, display-height=2160, mime=video/x-vnd.on2.vp9, width=3840, language=und, height=2160, display-width=3840}]","test":"android.media.cts.VideoDecoderPerfTest.testVp9Goog1Perf3840x2160"}}