{"video_decoder_performance":[{"round":0,"codec_name":"c2.qti.avc.decoder","mime_type":"video/avc","width":720,"height":480,"config_format":"sar-width=186, track-id=1, level=256, mime=video/avc, frame-count=300, profile=2, language=und, bitrate=1993228, display-width=852, csd-1=java.nio.HeapByteBuffer[pos=0 lim=9 cap=9], sar-height=157, durationUs=9999687, display-height=480, width=720, max-input-size=163132, frame-rate=30, height=480, csd-0=java.nio.HeapByteBuffer[pos=0 lim=31 cap=31]","input_format":"crop-right=719, level=256, mime=video/avc, profile=2, priority=1, feature-secure-playback=0, crop-bottom=479, width=720, crop-left=0, crop-top=0, frame-rate=30, max-input-size=294912, height=480","output_format":"crop-right=719, max-height=480, sar-width=186, color-format=2130708361, mime=video/raw, hdr-static-info=java.nio.HeapByteBuffer[pos=0 lim=25 cap=25], priority=1, color-standard=2, feature-secure-playback=0, color-transfer=3, sar-height=157, crop-bottom=479, max-width=720, crop-left=0, width=720, color-range=2, crop-top=0, rotation-degrees=0, frame-rate=30, height=480","reported_low":31.0,"reported_high":32.0,"video_res":"/storage/emulated/0/test/CtsMediaTestCases-1.4/bbb_s1_720x480_mp4_h264_mp3_2mbps_30fps_aac_lc_5ch_320kbps_48000hz.mp4","decode_to":"surface","average_fps":373.98942010180656,"window_frames":10,"frame_avg_stats_num":3737,"frame_avg_stats_avg":2.674,"frame_avg_stats_stdev":0.533,"frame_avg_stats_min":0.696,"frame_avg_stats_p5":1.464,"frame_avg_stats_p10":2.162,"frame_avg_stats_p20":2.307,"frame_avg_stats_p30":2.397,"frame_avg_stats_p40":2.481,"frame_avg_stats_p50":2.628,"frame_avg_stats_p60":2.928,"frame_avg_stats_p70":3.048,"frame_avg_stats_p80":3.168,"frame_avg_stats_p90":3.292,"frame_avg_stats_p95":3.389,"frame_avg_stats_max":3.944,"window_time":1000,"time_avg_stats_num":3372,"time_avg_stats_avg":2.777,"time_avg_stats_stdev":0.337,"time_avg_stats_min":2.052,"time_avg_stats_p5":2.375,"time_avg_stats_p10":2.384,"time_avg_stats_p20":2.418,"time_avg_stats_p30":2.437,"time_avg_stats_p40":2.525,"time_avg_stats_p50":2.763,"time_avg_stats_p60":3.094,"time_avg_stats_p70":3.122,"time_avg_stats_p80":3.137,"time_avg_stats_p90":3.152,"time_avg_stats_p95":3.16,"time_avg_stats_max":3.194,"fps":316.42104692172546},{"round":1,"codec_name":"c2.qti.avc.decoder","mime_type":"video/avc","width":720,"height":480,"config_format":"sar-width=186, track-id=1, level=256, mime=video/avc, frame-count=300, profile=2, language=und, bitrate=1993228, display-width=852, csd-1=java.nio.HeapByteBuffer[pos=0 lim=9 cap=9], sar-height=157, durationUs=9999687, display-height=480, width=720, max-input-size=163132, frame-rate=30, height=480, csd-0=java.nio.HeapByteBuffer[pos=0 lim=31 cap=31]","input_format":"crop-right=719, level=256, mime=video/avc, profile=2, priority=1, feature-secure-playback=0, crop-bottom=479, width=720, crop-left=0, crop-top=0, frame-rate=30, max-input-size=294912, height=480","output_format":"crop-right=719, max-height=480, sar-width=186, color-format=2130708361, mime=video/raw, hdr-static-info=java.nio.HeapByteBuffer[pos=0 lim=25 cap=25], priority=1, color-standard=2, feature-secure-playback=0, color-transfer=3, sar-height=157, crop-bottom=479, max-width=720, crop-left=0, width=720, color-range=2, crop-top=0, rotation-degrees=0, frame-rate=30, height=480","reported_low":31.0,"reported_high":32.0,"video_res":"/storage/emulated/0/test/CtsMediaTestCases-1.4/bbb_s1_720x480_mp4_h264_mp3_2mbps_30fps_aac_lc_5ch_320kbps_48000hz.mp4","decode_to":"surface","average_fps":346.00798403193613,"window_frames":10,"frame_avg_stats_num":3457,"frame_avg_stats_avg":2.882,"frame_avg_stats_stdev":0.384,"frame_avg_stats_min":1.101,"frame_avg_stats_p5":1.955,"frame_avg_stats_p10":2.646,"frame_avg_stats_p20":2.765,"frame_avg_stats_p30":2.835,"frame_avg_stats_p40":2.895,"frame_avg_stats_p50":2.95,"frame_avg_stats_p60":2.997,"frame_avg_stats_p70":3.048,"frame_avg_stats_p80":3.109,"frame_avg_stats_p90":3.199,"frame_avg_stats_p95":3.289,"frame_avg_stats_max":3.772,"window_time":1000,"time_avg_stats_num":3119,"time_avg_stats_avg":2.895,"time_avg_stats_stdev":0.201,"time_avg_stats_min":2.299,"time_avg_stats_p5":2.321,"time_avg_stats_p10":2.481,"time_avg_stats_p20":2.909,"time_avg_stats_p30":2.933,"time_avg_stats_p40":2.942,"time_avg_stats_p50":2.952,"time_avg_stats_p60":2.965,"time_avg_stats_p70":2.978,"time_avg_stats_p80":2.996,"time_avg_stats_p90":3.043,"time_avg_stats_p95":3.064,"time_avg_stats_max":3.108,"fps":326.3487995887001},{"round":0,"codec_name":"c2.android.h263.decoder","mime_type":"video/3gpp","width":176,"height":144,"config_format":"track-id=1, level=1, mime=video/3gpp, frame-count=122, profile=1, language=und, bitrate=769477, display-width=176, durationUs=10166666, display-height=144, width=176, max-input-size=12275, frame-rate=12, height=144","input_format":"crop-right=175, crop-bottom=143, level=1, mime=video/3gpp, profile=1, width=176, crop-left=0, crop-top=0, max-input-size=2097152, height=144","output_format":"crop-right=175, max-height=288, sar-width=1, color-format=2130708361, mime=video/raw, color-standard=4, color-transfer=3, sar-height=1, crop-bottom=143, max-width=352, crop-left=0, width=176, color-range=2, crop-top=0, rotation-degrees=0, height=144","reported_low":167.0,"reported_high":168.0,"video_res":"/storage/emulated/0/test/CtsMediaTestCases-1.4/video_176x144_3gp_h263_300kbps_12fps_aac_stereo_128kbps_22050hz.3gp","decode_to":"surface","average_fps":1620.975804839032,"window_frames":10,"frame_avg_stats_num":16203,"frame_avg_stats_avg":0.617,"frame_avg_stats_stdev":0.07,"frame_avg_stats_min":0.364,"frame_avg_stats_p5":0.512,"frame_avg_stats_p10":0.531,"frame_avg_stats_p20":0.556,"frame_avg_stats_p30":0.576,"frame_avg_stats_p40":0.594,"frame_avg_stats_p50":0.612,"frame_avg_stats_p60":0.631,"frame_avg_stats_p70":0.65,"frame_avg_stats_p80":0.672,"frame_avg_stats_p90":0.709,"frame_avg_stats_p95":0.745,"frame_avg_stats_max":0.961,"window_time":1000,"time_avg_stats_num":14590,"time_avg_stats_avg":0.617,"time_avg_stats_stdev":0.009,"time_avg_stats_min":0.6,"time_avg_stats_p5":0.605,"time_avg_stats_p10":0.607,"time_avg_stats_p20":0.609,"time_avg_stats_p30":0.611,"time_avg_stats_p40":0.613,"time_avg_stats_p50":0.616,"time_avg_stats_p60":0.619,"time_avg_stats_p70":0.623,"time_avg_stats_p80":0.626,"time_avg_stats_p90":0.629,"time_avg_stats_p95":0.632,"time_avg_stats_max":0.635,"fps":1582.5350590072371},{"round":1,"codec_name":"c2.android.h263.decoder","mime_type":"video/3gpp","width":176,"height":144,"config_format":"track-id=1, level=1, mime=video/3gpp, frame-count=122, profile=1, language=und, bitrate=769477, display-width=176, durationUs=10166666, display-height=144, width=176, max-input-size=12275, frame-rate=12, height=144","input_format":"crop-right=175, crop-bottom=143, level=1, mime=video/3gpp, profile=1, width=176, crop-left=0, crop-top=0, max-input-size=2097152, height=144","output_format":"crop-right=175, max-height=288, sar-width=1, color-format=2130708361, mime=video/raw, color-standard=4, color-transfer=3, sar-height=1, crop-bottom=143, max-width=352, crop-left=0, width=176, color-range=2, crop-top=0, rotation-degrees=0, height=144","reported_low":167.0,"reported_high":168.0,"video_res":"/storage/emulated/0/test/CtsMediaTestCases-1.4/video_176x144_3gp_h263_300kbps_12fps_aac_stereo_128kbps_22050hz.3gp","decode_to":"surface","average_fps":1615.1539384246303,"window_frames":10,"frame_avg_stats_num":16148,"frame_avg_stats_avg":0.618,"frame_avg_stats_stdev":0.092,"frame_avg_stats_min":0.339,"frame_avg_stats_p5":0.504,"frame_avg_stats_p10":0.522,"frame_avg_stats_p20":0.547,"frame_avg_stats_p30":0.568,"frame_avg_stats_p40":0.587,"frame_avg_stats_p50":0.608,"frame_avg_stats_p60":0.631,"frame_avg_stats_p70":0.655,"frame_avg_stats_p80":0.682,"frame_avg_stats_p90":0.722,"frame_avg_stats_p95":0.751,"frame_avg_stats_max":1.979,"window_time":1000,"time_avg_stats_num":14540,"time_avg_stats_avg":0.617,"time_avg_stats_stdev":0.006,"time_avg_stats_min":0.603,"time_avg_stats_p5":0.608,"time_avg_stats_p10":0.609,"time_avg_stats_p20":0.612,"time_avg_stats_p30":0.614,"time_avg_stats_p40":0.616,"time_avg_stats_p50":0.617,"time_avg_stats_p60":0.619,"time_avg_stats_p70":0.62,"time_avg_stats_p80":0.622,"time_avg_stats_p90":0.625,"time_avg_stats_p95":0.627,"time_avg_stats_max":0.631,"fps":1593.919691662089},{"round":0,"codec_name":"c2.android.h263.decoder","mime_type":"video/3gpp","width":352,"height":288,"config_format":"sar-width=12, track-id=1, level=1, mime=video/3gpp, frame-count=122, profile=1, language=und, bitrate=1011427, display-width=384, sar-height=11, durationUs=10166666, display-height=288, width=352, max-input-size=36863, frame-rate=12, height=288","input_format":"crop-right=351, crop-bottom=287, level=1, mime=video/3gpp, profile=1, width=352, crop-left=0, crop-top=0, max-input-size=2097152, height=288","output_format":"crop-right=351, max-height=288, sar-width=12, color-format=2130708361, mime=video/raw, color-standard=4, color-transfer=3, sar-height=11, crop-bottom=287, max-width=352, crop-left=0, width=352, color-range=2, crop-top=0, rotation-degrees=0, height=288","reported_low":167.0,"reported_high":286.0,"video_res":"/storage/emulated/0/test/CtsMediaTestCases-1.4/video_352x288_3gp_h263_300kbps_12fps_aac_stereo_128kbps_22050hz.3gp","decode_to":"surface","average_fps":1189.9240303878448,"window_frames":10,"frame_avg_stats_num":11894,"frame_avg_stats_avg":0.84,"frame_avg_stats_stdev":0.167,"frame_avg_stats_min":0.507,"frame_avg_stats_p5":0.616,"frame_avg_stats_p10":0.644,"frame_avg_stats_p20":0.683,"frame_avg_stats_p30":0.719,"frame_avg_stats_p40":0.771,"frame_avg_stats_p50":0.832,"frame_avg_stats_p60":0.883,"frame_avg_stats_p70":0.923,"frame_avg_stats_p80":0.969,"frame_avg_stats_p90":1.049,"frame_avg_stats_p95":1.166,"frame_avg_stats_max":1.455,"window_time":1000,"time_avg_stats_num":10713,"time_avg_stats_avg":0.841,"time_avg_stats_stdev":0.007,"time_avg_stats_min":0.817,"time_avg_stats_p5":0.831,"time_avg_stats_p10":0.833,"time_avg_stats_p20":0.836,"time_avg_stats_p30":0.838,"time_avg_stats_p40":0.84,"time_avg_stats_p50":0.841,"time_avg_stats_p60":0.843,"time_avg_stats_p70":0.845,"time_avg_stats_p80":0.847,"time_avg_stats_p90":0.85,"time_avg_stats_p95":0.852,"time_avg_stats_max":0.862,"fps":1173.8181512514223},{"round":1,"codec_name":"c2.android.h263.decoder","mime_type":"video/3gpp","width":352,"height":288,"config_format":"sar-width=12, track-id=1, level=1, mime=video/3gpp, frame-count=122, profile=1, language=und, bitrate=1011427, display-width=384, sar-height=11, durationUs=10166666, display-height=288, width=352, max-input-size=36863, frame-rate=12, height=288","input_format":"crop-right=351, crop-bottom=287, level=1, mime=video/3gpp, profile=1, width=352, crop-left=0, crop-top=0, max-input-size=2097152, height=288","output_format":"crop-right=351, max-height=288, sar-width=12, color-format=2130708361, mime=video/raw, color-standard=4, color-transfer=3, sar-height=11, crop-bottom=287, max-width=352, crop-left=0, width=352, color-range=2, crop-top=0, rotation-degrees=0, height=288","reported_low":167.0,"reported_high":286.0,"video_res":"/storage/emulated/0/test/CtsMediaTestCases-1.4/video_352x288_3gp_h263_300kbps_12fps_aac_stereo_128kbps_22050hz.3gp","decode_to":"surface","average_fps":1179.4282287085166,"window_frames":10,"frame_avg_stats_num":11789,"frame_avg_stats_avg":0.846,"frame_avg_stats_stdev":0.172,"frame_avg_stats_min":0.486,"frame_avg_stats_p5":0.619,"frame_avg_stats_p10":0.647,"frame_avg_stats_p20":0.686,"frame_avg_stats_p30":0.722,"frame_avg_stats_p40":0.772,"frame_avg_stats_p50":0.837,"frame_avg_stats_p60":0.887,"frame_avg_stats_p70":0.927,"frame_avg_stats_p80":0.977,"frame_avg_stats_p90":1.067,"frame_avg_stats_p95":1.182,"frame_avg_stats_max":2.088,"window_time":1000,"time_avg_stats_num":10617,"time_avg_stats_avg":0.844,"time_avg_stats_stdev":0.006,"time_avg_stats_min":0.827,"time_avg_stats_p5":0.835,"time_avg_stats_p10":0.837,"time_avg_stats_p20":0.839,"time_avg_stats_p30":0.84,"time_avg_stats_p40":0.842,"time_avg_stats_p50":0.844,"time_avg_stats_p60":0.845,"time_avg_stats_p70":0.847,"time_avg_stats_p80":0.849,"time_avg_stats_p90":0.853,"time_avg_stats_p95":0.856,"time_avg_stats_max":0.864,"fps":1168.7047289515579},{"round":0,"codec_name":"c2.qti.hevc.decoder","mime_type":"video/hevc","width":3840,"height":2160,"config_format":"track-id=1, level=16384, mime=video/hevc, frame-count=150, profile=1, language=und, bitrate=20042005, display-width=3840, durationUs=4999687, display-height=2160, width=3840, max-input-size=614024, frame-rate=30, height=2160, csd-0=java.nio.HeapByteBuffer[pos=0 lim=1078 cap=1078]","input_format":"crop-right=3839, level=16384, mime=video/hevc, profile=1, priority=1, feature-secure-playback=0, crop-bottom=2159, width=3840, crop-left=0, crop-top=0, frame-rate=30, max-input-size=6266880, height=2160","output_format":"crop-right=3839, max-height=2160, sar-width=1, color-format=2130708361, mime=video/raw, hdr-static-info=java.nio.HeapByteBuffer[pos=0 lim=25 cap=25], priority=1, color-standard=102, feature-secure-playback=0, color-transfer=3, sar-height=1, crop-bottom=2159, max-width=3840, crop-left=0, width=3840, color-range=2, crop-top=0, rotation-degrees=0, frame-rate=30, height=2160","reported_low":23.0,"reported_high":24.0,"video_res":"/storage/emulated/0/test/CtsMediaTestCases-1.4/bbb_s4_3840x2160_mp4_hevc_mp5_20mbps_30fps_aac_lc_6ch_384kbps_24000hz.mp4","decode_to":"surface","average_fps":79.49099322426045,"window_frames":10,"frame_avg_stats_num":952,"frame_avg_stats_avg":12.556,"frame_avg_stats_stdev":1.669,"frame_avg_stats_min":9.843,"frame_avg_stats_p5":11.919,"frame_avg_stats_p10":12.011,"frame_avg_stats_p20":12.123,"frame_avg_stats_p30":12.185,"frame_avg_stats_p40":12.232,"frame_avg_stats_p50":12.285,"frame_avg_stats_p60":12.337,"frame_avg_stats_p70":12.412,"frame_avg_stats_p80":12.488,"frame_avg_stats_p90":12.592,"frame_avg_stats_p95":12.867,"frame_avg_stats_max":26.311,"window_time":1000,"time_avg_stats_num":882,"time_avg_stats_avg":12.609,"time_avg_stats_stdev":0.689,"time_avg_stats_min":12.074,"time_avg_stats_p5":12.218,"time_avg_stats_p10":12.234,"time_avg_stats_p20":12.254,"time_avg_stats_p30":12.267,"time_avg_stats_p40":12.28,"time_avg_stats_p50":12.292,"time_avg_stats_p60":12.307,"time_avg_stats_p70":12.325,"time_avg_stats_p80":12.703,"time_avg_stats_p90":14.152,"time_avg_stats_p95":14.222,"time_avg_stats_max":14.315,"fps":70.31374195468126},{"round":1,"codec_name":"c2.qti.hevc.decoder","mime_type":"video/hevc","width":3840,"height":2160,"config_format":"track-id=1, level=16384, mime=video/hevc, frame-count=150, profile=1, language=und, bitrate=20042005, display-width=3840, durationUs=4999687, display-height=2160, width=3840, max-input-size=614024, frame-rate=30, height=2160, csd-0=java.nio.HeapByteBuffer[pos=0 lim=1078 cap=1078]","input_format":"crop-right=3839, level=16384, mime=video/hevc, profile=1, priority=1, feature-secure-playback=0, crop-bottom=2159, width=3840, crop-left=0, crop-top=0, frame-rate=30, max-input-size=6266880, height=2160","output_format":"crop-right=3839, max-height=2160, sar-width=1, color-format=2130708361, mime=video/raw, hdr-static-info=java.nio.HeapByteBuffer[pos=0 lim=25 cap=25], priority=1, color-standard=102, feature-secure-playback=0, color-transfer=3, sar-height=1, crop-bottom=2159, max-width=3840, crop-left=0, width=3840, color-range=2, crop-top=0, rotation-degrees=0, frame-rate=30, height=2160","reported_low":23.0,"reported_high":24.0,"video_res":"/storage/emulated/0/test/CtsMediaTestCases-1.4/bbb_s4_3840x2160_mp4_hevc_mp5_20mbps_30fps_aac_lc_6ch_384kbps_24000hz.mp4","decode_to":"surface","average_fps":79.06899966985804,"window_frames":10,"frame_avg_stats_num":948,"frame_avg_stats_avg":12.61,"frame_avg_stats_stdev":2.006,"frame_avg_stats_min":10.669,"frame_avg_stats_p5":11.875,"frame_avg_stats_p10":12.003,"frame_avg_stats_p20":12.119,"frame_avg_stats_p30":12.189,"frame_avg_stats_p40":12.25,"frame_avg_stats_p50":12.299,"frame_avg_stats_p60":12.349,"frame_avg_stats_p70":12.406,"frame_avg_stats_p80":12.477,"frame_avg_stats_p90":12.594,"frame_avg_stats_p95":12.75,"frame_avg_stats_max":28.44,"window_time":1000,"time_avg_stats_num":878,"time_avg_stats_avg":12.678,"time_avg_stats_stdev":0.835,"time_avg_stats_min":12.047,"time_avg_stats_p5":12.219,"time_avg_stats_p10":12.236,"time_avg_stats_p20":12.257,"time_avg_stats_p30":12.268,"time_avg_stats_p40":12.28,"time_avg_stats_p50":12.292,"time_avg_stats_p60":12.307,"time_avg_stats_p70":12.328,"time_avg_stats_p80":12.614,"time_avg_stats_p90":14.544,"time_avg_stats_p95":14.624,"time_avg_stats_max":14.789,"fps":68.38269815672906},{"round":0,"codec_name":"c2.android.mpeg4.decoder","mime_type":"video/mp4v-es","width":176,"height":144,"config_format":"max-bitrate=377396, sar-width=65536, track-id=1, level=4, mime=video/mp4v-es, frame-count=249, profile=1, language=```, bitrate=452876, display-width=176, sar-height=65536, durationUs=9960000, display-height=144, width=176, max-input-size=13710, frame-rate=25, height=144, csd-0=java.nio.HeapByteBuffer[pos=0 lim=45 cap=45]","input_format":"crop-right=175, crop-bottom=143, level=4, mime=video/mp4v-es, profile=1, width=176, crop-left=0, crop-top=0, max-input-size=2097152, height=144","output_format":"crop-right=175, max-height=288, sar-width=65536, color-format=2130708361, mime=video/raw, color-standard=4, color-transfer=3, sar-height=65536, crop-bottom=143, max-width=352, crop-left=0, width=176, color-range=2, crop-top=0, rotation-degrees=0, height=144","reported_low":162.0,"reported_high":167.0,"video_res":"/storage/emulated/0/test/CtsMediaTestCases-1.4/video_176x144_mp4_mpeg4_300kbps_25fps_aac_stereo_128kbps_44100hz.mp4","decode_to":"surface","average_fps":1771.068679396181,"window_frames":10,"frame_avg_stats_num":17706,"frame_avg_stats_avg":0.564,"frame_avg_stats_stdev":0.053,"frame_avg_stats_min":0.33,"frame_avg_stats_p5":0.484,"frame_avg_stats_p10":0.502,"frame_avg_stats_p20":0.522,"frame_avg_stats_p30":0.536,"frame_avg_stats_p40":0.548,"frame_avg_stats_p50":0.56,"frame_avg_stats_p60":0.573,"frame_avg_stats_p70":0.587,"frame_avg_stats_p80":0.606,"frame_avg_stats_p90":0.633,"frame_avg_stats_p95":0.659,"frame_avg_stats_max":0.875,"window_time":1000,"time_avg_stats_num":15944,"time_avg_stats_avg":0.567,"time_avg_stats_stdev":0.007,"time_avg_stats_min":0.539,"time_avg_stats_p5":0.555,"time_avg_stats_p10":0.56,"time_avg_stats_p20":0.563,"time_avg_stats_p30":0.565,"time_avg_stats_p40":0.566,"time_avg_stats_p50":0.567,"time_avg_stats_p60":0.568,"time_avg_stats_p70":0.57,"time_avg_stats_p80":0.571,"time_avg_stats_p90":0.575,"time_avg_stats_p95":0.578,"time_avg_stats_max":0.582,"fps":1731.1806652136756},{"round":1,"codec_name":"c2.android.mpeg4.decoder","mime_type":"video/mp4v-es","width":176,"height":144,"config_format":"max-bitrate=377396, sar-width=65536, track-id=1, level=4, mime=video/mp4v-es, frame-count=249, profile=1, language=```, bitrate=452876, display-width=176, sar-height=65536, durationUs=9960000, display-height=144, width=176, max-input-size=13710, frame-rate=25, height=144, csd-0=java.nio.HeapByteBuffer[pos=0 lim=45 cap=45]","input_format":"crop-right=175, crop-bottom=143, level=4, mime=video/mp4v-es, profile=1, width=176, crop-left=0, crop-top=0, max-input-size=2097152, height=144","output_format":"crop-right=175, max-height=288, sar-width=65536, color-format=2130708361, mime=video/raw, color-standard=4, color-transfer=3, sar-height=65536, crop-bottom=143, max-width=352, crop-left=0, width=176, color-range=2, crop-top=0, rotation-degrees=0, height=144","reported_low":162.0,"reported_high":167.0,"video_res":"/storage/emulated/0/test/CtsMediaTestCases-1.4/video_176x144_mp4_mpeg4_300kbps_25fps_aac_stereo_128kbps_44100hz.mp4","decode_to":"surface","average_fps":1341.8504840802475,"window_frames":10,"frame_avg_stats_num":13434,"frame_avg_stats_avg":0.743,"frame_avg_stats_stdev":0.636,"frame_avg_stats_min":0.35,"frame_avg_stats_p5":0.489,"frame_avg_stats_p10":0.505,"frame_avg_stats_p20":0.525,"frame_avg_stats_p30":0.539,"frame_avg_stats_p40":0.553,"frame_avg_stats_p50":0.567,"frame_avg_stats_p60":0.582,"frame_avg_stats_p70":0.6,"frame_avg_stats_p80":0.625,"frame_avg_stats_p90":0.696,"frame_avg_stats_p95":2.469,"frame_avg_stats_max":6.06,"window_time":1000,"time_avg_stats_num":12100,"time_avg_stats_avg":1.085,"time_avg_stats_stdev":0.863,"time_avg_stats_min":0.545,"time_avg_stats_p5":0.555,"time_avg_stats_p10":0.558,"time_avg_stats_p20":0.562,"time_avg_stats_p30":0.566,"time_avg_stats_p40":0.569,"time_avg_stats_p50":0.572,"time_avg_stats_p60":0.574,"time_avg_stats_p70":0.758,"time_avg_stats_p80":2.458,"time_avg_stats_p90":2.591,"time_avg_stats_p95":2.655,"time_avg_stats_max":3.352,"fps":376.6278386069578},{"round":0,"codec_name":"c2.android.vp8.decoder","mime_type":"video/x-vnd.on2.vp8","width":320,"height":180,"config_format":"track-id=1, durationUs=10021000, display-height=180, mime=video/x-vnd.on2.vp8, width=320, language=und, bitrate=805450, height=180, display-width=320","input_format":"crop-right=319, crop-bottom=179, level=1, mime=video/x-vnd.on2.vp8, profile=1, width=320, crop-left=0, crop-top=0, max-input-size=2097152, height=180","output_format":"crop-right=319, max-height=240, sar-width=1, color-format=2130708361, mime=video/raw, color-standard=4, color-transfer=3, sar-height=1, crop-bottom=179, max-width=320, crop-left=0, width=320, color-range=2, crop-top=0, rotation-degrees=0, height=180","reported_low":162.0,"reported_high":162.0,"video_res":"/storage/emulated/0/test/CtsMediaTestCases-1.4/bbb_s1_320x180_webm_vp8_800kbps_30fps_opus_5ch_320kbps_48000hz.webm","decode_to":"surface","average_fps":1132.0339830084956,"window_frames":10,"frame_avg_stats_num":11316,"frame_avg_stats_avg":0.882,"frame_avg_stats_stdev":0.343,"frame_avg_stats_min":0.357,"frame_avg_stats_p5":0.547,"frame_avg_stats_p10":0.62,"frame_avg_stats_p20":0.724,"frame_avg_stats_p30":0.774,"frame_avg_stats_p40":0.806,"frame_avg_stats_p50":0.832,"frame_avg_stats_p60":0.854,"frame_avg_stats_p70":0.879,"frame_avg_stats_p80":0.912,"frame_avg_stats_p90":0.995,"frame_avg_stats_p95":1.942,"frame_avg_stats_max":3.511,"window_time":1000,"time_avg_stats_num":10192,"time_avg_stats_avg":0.97,"time_avg_stats_stdev":0.372,"time_avg_stats_min":0.783,"time_avg_stats_p5":0.792,"time_avg_stats_p10":0.795,"time_avg_stats_p20":0.797,"time_avg_stats_p30":0.8,"time_avg_stats_p40":0.803,"time_avg_stats_p50":0.807,"time_avg_stats_p60":0.811,"time_avg_stats_p70":0.817,"time_avg_stats_p80":0.998,"time_avg_stats_p90":1.547,"time_avg_stats_p95":2.106,"time_avg_stats_max":2.219,"fps":474.7952820975133},{"round":1,"codec_name":"c2.android.vp8.decoder","mime_type":"video/x-vnd.on2.vp8","width":320,"height":180,"config_format":"track-id=1, durationUs=10021000, display-height=180, mime=video/x-vnd.on2.vp8, width=320, language=und, bitrate=805450, height=180, display-width=320","input_format":"crop-right=319, crop-bottom=179, level=1, mime=video/x-vnd.on2.vp8, profile=1, width=320, crop-left=0, crop-top=0, max-input-size=2097152, height=180","output_format":"crop-right=319, max-height=240, sar-width=1, color-format=2130708361, mime=video/raw, color-standard=4, color-transfer=3, sar-height=1, crop-bottom=179, max-width=320, crop-left=0, width=320, color-range=2, crop-top=0, rotation-degrees=0, height=180","reported_low":162.0,"reported_high":162.0,"video_res":"/storage/emulated/0/test/CtsMediaTestCases-1.4/bbb_s1_320x180_webm_vp8_800kbps_30fps_opus_5ch_320kbps_48000hz.webm","decode_to":"surface","average_fps":839.7442301928264,"window_frames":10,"frame_avg_stats_num":8395,"frame_avg_stats_avg":1.187,"frame_avg_stats_stdev":0.721,"frame_avg_stats_min":0.37,"frame_avg_stats_p5":0.566,"frame_avg_stats_p10":0.649,"frame_avg_stats_p20":0.747,"frame_avg_stats_p30":0.796,"frame_avg_stats_p40":0.83,"frame_avg_stats_p50":0.861,"frame_avg_stats_p60":0.898,"frame_avg_stats_p70":0.979,"frame_avg_stats_p80":2.026,"frame_avg_stats_p90":2.232,"frame_avg_stats_p95":2.576,"frame_avg_stats_max":6.112,"window_time":1000,"time_avg_stats_num":7563,"time_avg_stats_avg":1.535,"time_avg_stats_stdev":0.759,"time_avg_stats_min":0.783,"time_avg_stats_p5":0.793,"time_avg_stats_p10":0.795,"time_avg_stats_p20":0.798,"time_avg_stats_p30":0.804,"time_avg_stats_p40":0.82,"time_avg_stats_p50":1.097,"time_avg_stats_p60":2.166,"time_avg_stats_p70":2.224,"time_avg_stats_p80":2.322,"time_avg_stats_p90":2.504,"time_avg_stats_p95":2.616,"time_avg_stats_max":2.785,"fps":382.25993675699476},{"round":0,"codec_name":"c2.android.vp9.decoder","mime_type":"video/x-vnd.on2.vp9","width":320,"height":180,"config_format":"track-id=1, durationUs=10002000, display-height=180, mime=video/x-vnd.on2.vp9, width=320, language=und, bitrate=596970, height=180, display-width=320","input_format":"crop-right=319, crop-bottom=179, level=256, mime=video/x-vnd.on2.vp9, profile=1, width=320, crop-left=0, crop-top=0, max-input-size=2097152, height=180","output_format":"crop-right=319, max-height=240, sar-width=1, color-format=2130708361, mime=video/raw, color-standard=4, color-transfer=3, hdr10-plus-info=java.nio.HeapByteBuffer[pos=0 lim=0 cap=0], sar-height=1, crop-bottom=179, max-width=320, crop-left=0, width=320, color-range=2, crop-top=0, rotation-degrees=0, height=180","reported_low":177.0,"reported_high":256.0,"video_res":"/storage/emulated/0/test/CtsMediaTestCases-1.4/bbb_s1_320x180_webm_vp9_0p11_600kbps_30fps_vorbis_mono_64kbps_48000hz.webm","decode_to":"surface","average_fps":956.0219890054972,"window_frames":10,"frame_avg_stats_num":9555,"frame_avg_stats_avg":1.045,"frame_avg_stats_stdev":0.244,"frame_avg_stats_min":0.419,"frame_avg_stats_p5":0.642,"frame_avg_stats_p10":0.735,"frame_avg_stats_p20":0.863,"frame_avg_stats_p30":0.948,"frame_avg_stats_p40":1.013,"frame_avg_stats_p50":1.06,"frame_avg_stats_p60":1.101,"frame_avg_stats_p70":1.14,"frame_avg_stats_p80":1.188,"frame_avg_stats_p90":1.27,"frame_avg_stats_p95":1.383,"frame_avg_stats_max":2.942,"window_time":1000,"time_avg_stats_num":8608,"time_avg_stats_avg":1.049,"time_avg_stats_stdev":0.063,"time_avg_stats_min":1.002,"time_avg_stats_p5":1.01,"time_avg_stats_p10":1.014,"time_avg_stats_p20":1.018,"time_avg_stats_p30":1.022,"time_avg_stats_p40":1.025,"time_avg_stats_p50":1.029,"time_avg_stats_p60":1.032,"time_avg_stats_p70":1.036,"time_avg_stats_p80":1.041,"time_avg_stats_p90":1.155,"time_avg_stats_p95":1.234,"time_avg_stats_max":1.267,"fps":810.344361295389},{"round":1,"codec_name":"c2.android.vp9.decoder","mime_type":"video/x-vnd.on2.vp9","width":320,"height":180,"config_format":"track-id=1, durationUs=10002000, display-height=180, mime=video/x-vnd.on2.vp9, width=320, language=und, bitrate=596970, height=180, display-width=320","input_format":"crop-right=319, crop-bottom=179, level=256, mime=video/x-vnd.on2.vp9, profile=1, width=320, crop-left=0, crop-top=0, max-input-size=2097152, height=180","output_format":"crop-right=319, max-height=240, sar-width=1, color-format=2130708361, mime=video/raw, color-standard=4, color-transfer=3, hdr10-plus-info=java.nio.HeapByteBuffer[pos=0 lim=0 cap=0], sar-height=1, crop-bottom=179, max-width=320, crop-left=0, width=320, color-range=2, crop-top=0, rotation-degrees=0, height=180","reported_low":177.0,"reported_high":256.0,"video_res":"/storage/emulated/0/test/CtsMediaTestCases-1.4/bbb_s1_320x180_webm_vp9_0p11_600kbps_30fps_vorbis_mono_64kbps_48000hz.webm","decode_to":"surface","average_fps":940.0299850074962,"window_frames":10,"frame_avg_stats_num":9395,"frame_avg_stats_avg":1.06,"frame_avg_stats_stdev":0.266,"frame_avg_stats_min":0.41,"frame_avg_stats_p5":0.659,"frame_avg_stats_p10":0.75,"frame_avg_stats_p20":0.874,"frame_avg_stats_p30":0.957,"frame_avg_stats_p40":1.019,"frame_avg_stats_p50":1.065,"frame_avg_stats_p60":1.106,"frame_avg_stats_p70":1.145,"frame_avg_stats_p80":1.191,"frame_avg_stats_p90":1.277,"frame_avg_stats_p95":1.442,"frame_avg_stats_max":3.463,"window_time":1000,"time_avg_stats_num":8462,"time_avg_stats_avg":1.043,"time_avg_stats_stdev":0.034,"time_avg_stats_min":1.012,"time_avg_stats_p5":1.02,"time_avg_stats_p10":1.022,"time_avg_stats_p20":1.026,"time_avg_stats_p30":1.03,"time_avg_stats_p40":1.033,"time_avg_stats_p50":1.036,"time_avg_stats_p60":1.039,"time_avg_stats_p70":1.043,"time_avg_stats_p80":1.048,"time_avg_stats_p90":1.057,"time_avg_stats_p95":1.07,"time_avg_stats_max":1.311,"fps":934.3911068424097},{"round":0,"codec_name":"c2.qti.avc.decoder","mime_type":"video/avc","width":720,"height":480,"config_format":"sar-width=186, track-id=1, level=256, mime=video/avc, frame-count=300, profile=2, language=und, bitrate=1993228, display-width=852, csd-1=java.nio.HeapByteBuffer[pos=0 lim=9 cap=9], sar-height=157, durationUs=9999687, display-height=480, width=720, max-input-size=163132, frame-rate=30, height=480, csd-0=java.nio.HeapByteBuffer[pos=0 lim=31 cap=31]","input_format":"crop-right=719, level=256, mime=video/avc, profile=2, priority=1, feature-secure-playback=0, crop-bottom=479, width=720, crop-left=0, crop-top=0, frame-rate=30, max-input-size=294912, height=480","output_format":"crop-right=719, max-height=480, sar-width=186, color-format=2130708361, mime=video/raw, hdr-static-info=java.nio.HeapByteBuffer[pos=0 lim=25 cap=25], priority=1, color-standard=2, feature-secure-playback=0, color-transfer=3, sar-height=157, crop-bottom=479, max-width=720, crop-left=0, width=720, color-range=2, crop-top=0, rotation-degrees=0, frame-rate=30, height=480","reported_low":31.0,"reported_high":32.0,"video_res":"/storage/emulated/0/test/CtsMediaTestCases-1.4/bbb_s1_720x480_mp4_h264_mp3_2mbps_30fps_aac_lc_5ch_320kbps_48000hz.mp4","decode_to":"surface","average_fps":256.70955099258754,"window_frames":10,"frame_avg_stats_num":3003,"frame_avg_stats_avg":3.898,"frame_avg_stats_stdev":1.236,"frame_avg_stats_min":0.58,"frame_avg_stats_p5":1.386,"frame_avg_stats_p10":2.032,"frame_avg_stats_p20":2.938,"frame_avg_stats_p30":3.147,"frame_avg_stats_p40":3.569,"frame_avg_stats_p50":4.087,"frame_avg_stats_p60":4.428,"frame_avg_stats_p70":4.769,"frame_avg_stats_p80":5.082,"frame_avg_stats_p90":5.382,"frame_avg_stats_p95":5.571,"frame_avg_stats_max":6.299,"window_time":1000,"time_avg_stats_num":2755,"time_avg_stats_avg":4.219,"time_avg_stats_stdev":0.619,"time_avg_stats_min":2.237,"time_avg_stats_p5":2.906,"time_avg_stats_p10":2.939,"time_avg_stats_p20":3.65,"time_avg_stats_p30":4.273,"time_avg_stats_p40":4.448,"time_avg_stats_p50":4.501,"time_avg_stats_p60":4.542,"time_avg_stats_p70":4.581,"time_avg_stats_p80":4.633,"time_avg_stats_p90":4.724,"time_avg_stats_p95":4.778,"time_avg_stats_max":4.937,"fps":209.29027454255484},{"round":1,"codec_name":"c2.qti.avc.decoder","mime_type":"video/avc","width":720,"height":480,"config_format":"sar-width=186, track-id=1, level=256, mime=video/avc, frame-count=300, profile=2, language=und, bitrate=1993228, display-width=852, csd-1=java.nio.HeapByteBuffer[pos=0 lim=9 cap=9], sar-height=157, durationUs=9999687, display-height=480, width=720, max-input-size=163132, frame-rate=30, height=480, csd-0=java.nio.HeapByteBuffer[pos=0 lim=31 cap=31]","input_format":"crop-right=719, level=256, mime=video/avc, profile=2, priority=1, feature-secure-playback=0, crop-bottom=479, width=720, crop-left=0, crop-top=0, frame-rate=30, max-input-size=294912, height=480","output_format":"crop-right=719, max-height=480, sar-width=186, color-format=2130708361, mime=video/raw, hdr-static-info=java.nio.HeapByteBuffer[pos=0 lim=25 cap=25], priority=1, color-standard=2, feature-secure-playback=0, color-transfer=3, sar-height=157, crop-bottom=479, max-width=720, crop-left=0, width=720, color-range=2, crop-top=0, rotation-degrees=0, frame-rate=30, height=480","reported_low":31.0,"reported_high":32.0,"video_res":"/storage/emulated/0/test/CtsMediaTestCases-1.4/bbb_s1_720x480_mp4_h264_mp3_2mbps_30fps_aac_lc_5ch_320kbps_48000hz.mp4","decode_to":"surface","average_fps":233.3388731926209,"window_frames":10,"frame_avg_stats_num":2798,"frame_avg_stats_avg":4.272,"frame_avg_stats_stdev":1.047,"frame_avg_stats_min":1.002,"frame_avg_stats_p5":2.151,"frame_avg_stats_p10":2.765,"frame_avg_stats_p20":3.488,"frame_avg_stats_p30":3.95,"frame_avg_stats_p40":4.243,"frame_avg_stats_p50":4.508,"frame_avg_stats_p60":4.767,"frame_avg_stats_p70":4.968,"frame_avg_stats_p80":5.186,"frame_avg_stats_p90":5.391,"frame_avg_stats_p95":5.495,"frame_avg_stats_max":5.89,"window_time":1000,"time_avg_stats_num":2573,"time_avg_stats_avg":4.334,"time_avg_stats_stdev":0.429,"time_avg_stats_min":3.006,"time_avg_stats_p5":3.143,"time_avg_stats_p10":4.013,"time_avg_stats_p20":4.166,"time_avg_stats_p30":4.261,"time_avg_stats_p40":4.347,"time_avg_stats_p50":4.417,"time_avg_stats_p60":4.502,"time_avg_stats_p70":4.579,"time_avg_stats_p80":4.637,"time_avg_stats_p90":4.717,"time_avg_stats_p95":4.792,"time_avg_stats_max":4.944,"fps":208.68301952289846},{"round":0,"codec_name":"c2.android.h263.decoder","mime_type":"video/3gpp","width":352,"height":288,"config_format":"sar-width=12, track-id=1, level=1, mime=video/3gpp, frame-count=122, profile=1, language=und, bitrate=1011427, display-width=384, sar-height=11, durationUs=10166666, display-height=288, width=352, max-input-size=36863, frame-rate=12, height=288","input_format":"crop-right=351, crop-bottom=287, level=1, mime=video/3gpp, profile=1, width=352, crop-left=0, crop-top=0, max-input-size=2097152, height=288","output_format":"crop-right=351, max-height=288, sar-width=12, color-format=2130708361, mime=video/raw, color-standard=4, color-transfer=3, sar-height=11, crop-bottom=287, max-width=352, crop-left=0, width=352, color-range=2, crop-top=0, rotation-degrees=0, height=288","reported_low":167.0,"reported_high":286.0,"video_res":"/storage/emulated/0/test/CtsMediaTestCases-1.4/video_352x288_3gp_h263_300kbps_12fps_aac_stereo_128kbps_22050hz.3gp","decode_to":"surface","average_fps":1193.7418774367688,"window_frames":10,"frame_avg_stats_num":11931,"frame_avg_stats_avg":0.837,"frame_avg_stats_stdev":0.169,"frame_avg_stats_min":0.495,"frame_avg_stats_p5":0.617,"frame_avg_stats_p10":0.642,"frame_avg_stats_p20":0.678,"frame_avg_stats_p30":0.714,"frame_avg_stats_p40":0.761,"frame_avg_stats_p50":0.825,"frame_avg_stats_p60":0.876,"frame_avg_stats_p70":0.919,"frame_avg_stats_p80":0.969,"frame_avg_stats_p90":1.055,"frame_avg_stats_p95":1.174,"frame_avg_stats_max":1.465,"window_time":1000,"time_avg_stats_num":10746,"time_avg_stats_avg":0.838,"time_avg_stats_stdev":0.005,"time_avg_stats_min":0.827,"time_avg_stats_p5":0.831,"time_avg_stats_p10":0.832,"time_avg_stats_p20":0.833,"time_avg_stats_p30":0.835,"time_avg_stats_p40":0.836,"time_avg_stats_p50":0.837,"time_avg_stats_p60":0.838,"time_avg_stats_p70":0.84,"time_avg_stats_p80":0.842,"time_avg_stats_p90":0.844,"time_avg_stats_p95":0.847,"time_avg_stats_max":0.856,"fps":1181.2332074685974},{"round":1,"codec_name":"c2.android.h263.decoder","mime_type":"video/3gpp","width":352,"height":288,"config_format":"sar-width=12, track-id=1, level=1, mime=video/3gpp, frame-count=122, profile=1, language=und, bitrate=1011427, display-width=384, sar-height=11, durationUs=10166666, display-height=288, width=352, max-input-size=36863, frame-rate=12, height=288","input_format":"crop-right=351, crop-bottom=287, level=1, mime=video/3gpp, profile=1, width=352, crop-left=0, crop-top=0, max-input-size=2097152, height=288","output_format":"crop-right=351, max-height=288, sar-width=12, color-format=2130708361, mime=video/raw, color-standard=4, color-transfer=3, sar-height=11, crop-bottom=287, max-width=352, crop-left=0, width=352, color-range=2, crop-top=0, rotation-degrees=0, height=288","reported_low":167.0,"reported_high":286.0,"video_res":"/storage/emulated/0/test/CtsMediaTestCases-1.4/video_352x288_3gp_h263_300kbps_12fps_aac_stereo_128kbps_22050hz.3gp","decode_to":"surface","average_fps":1188.005997001499,"window_frames":10,"frame_avg_stats_num":11876,"frame_avg_stats_avg":0.839,"frame_avg_stats_stdev":0.171,"frame_avg_stats_min":0.503,"frame_avg_stats_p5":0.613,"frame_avg_stats_p10":0.639,"frame_avg_stats_p20":0.676,"frame_avg_stats_p30":0.715,"frame_avg_stats_p40":0.764,"frame_avg_stats_p50":0.83,"frame_avg_stats_p60":0.882,"frame_avg_stats_p70":0.925,"frame_avg_stats_p80":0.972,"frame_avg_stats_p90":1.061,"frame_avg_stats_p95":1.171,"frame_avg_stats_max":2.253,"window_time":1000,"time_avg_stats_num":10695,"time_avg_stats_avg":0.838,"time_avg_stats_stdev":0.005,"time_avg_stats_min":0.827,"time_avg_stats_p5":0.831,"time_avg_stats_p10":0.832,"time_avg_stats_p20":0.834,"time_avg_stats_p30":0.836,"time_avg_stats_p40":0.837,"time_avg_stats_p50":0.838,"time_avg_stats_p60":0.839,"time_avg_stats_p70":0.841,"time_avg_stats_p80":0.843,"time_avg_stats_p90":0.845,"time_avg_stats_p95":0.846,"time_avg_stats_max":0.853,"fps":1181.3804816705663}]}