{"video_decoder_performance":[{"round":0,"codec_name":"c2.android.vp8.decoder","mime_type":"video/x-vnd.on2.vp8","width":320,"height":180,"config_format":"track-id=1, durationUs=10021000, display-height=180, mime=video/x-vnd.on2.vp8, width=320, language=und, bitrate=805450, height=180, display-width=320","input_format":"crop-right=319, crop-bottom=179, level=1, mime=video/x-vnd.on2.vp8, profile=1, width=320, crop-left=0, crop-top=0, max-input-size=2097152, height=180","output_format":"crop-right=319, max-height=240, sar-width=1, color-format=2130708361, mime=video/raw, color-standard=4, color-transfer=3, sar-height=1, crop-bottom=179, max-width=320, crop-left=0, width=320, color-range=2, crop-top=0, rotation-degrees=0, height=180","reported_low":30.0,"reported_high":31.0,"video_res":"/storage/emulated/0/test/CtsMediaTestCases-1.4/bbb_s1_320x180_webm_vp8_800kbps_30fps_opus_5ch_320kbps_48000hz.webm","decode_to":"surface","average_fps":301.49700598802394,"window_frames":10,"frame_avg_stats_num":3011,"frame_avg_stats_avg":3.313,"frame_avg_stats_stdev":2.53,"frame_avg_stats_min":0.442,"frame_avg_stats_p5":0.669,"frame_avg_stats_p10":0.753,"frame_avg_stats_p20":0.826,"frame_avg_stats_p30":0.867,"frame_avg_stats_p40":0.926,"frame_avg_stats_p50":2.604,"frame_avg_stats_p60":5.349,"frame_avg_stats_p70":6.06,"frame_avg_stats_p80":6.208,"frame_avg_stats_p90":6.3,"frame_avg_stats_p95":6.371,"frame_avg_stats_max":7.135,"window_time":1000,"time_avg_stats_num":2719,"time_avg_stats_avg":5.196,"time_avg_stats_stdev":1.56,"time_avg_stats_min":0.819,"time_avg_stats_p5":1.02,"time_avg_stats_p10":2.005,"time_avg_stats_p20":4.372,"time_avg_stats_p30":5.415,"time_avg_stats_p40":5.877,"time_avg_stats_p50":5.991,"time_avg_stats_p60":6.057,"time_avg_stats_p70":6.091,"time_avg_stats_p80":6.131,"time_avg_stats_p90":6.198,"time_avg_stats_p95":6.223,"time_avg_stats_max":6.274,"fps":160.69936363052003},{"round":1,"codec_name":"c2.android.vp8.decoder","mime_type":"video/x-vnd.on2.vp8","width":320,"height":180,"config_format":"track-id=1, durationUs=10021000, display-height=180, mime=video/x-vnd.on2.vp8, width=320, language=und, bitrate=805450, height=180, display-width=320","input_format":"crop-right=319, crop-bottom=179, level=1, mime=video/x-vnd.on2.vp8, profile=1, width=320, crop-left=0, crop-top=0, max-input-size=2097152, height=180","output_format":"crop-right=319, max-height=240, sar-width=1, color-format=2130708361, mime=video/raw, color-standard=4, color-transfer=3, sar-height=1, crop-bottom=179, max-width=320, crop-left=0, width=320, color-range=2, crop-top=0, rotation-degrees=0, height=180","reported_low":30.0,"reported_high":31.0,"video_res":"/storage/emulated/0/test/CtsMediaTestCases-1.4/bbb_s1_320x180_webm_vp8_800kbps_30fps_opus_5ch_320kbps_48000hz.webm","decode_to":"surface","average_fps":178.03660565723794,"window_frames":10,"frame_avg_stats_num":2130,"frame_avg_stats_avg":5.62,"frame_avg_stats_stdev":1.153,"frame_avg_stats_min":1.575,"frame_avg_stats_p5":2.115,"frame_avg_stats_p10":3.971,"frame_avg_stats_p20":5.593,"frame_avg_stats_p30":5.884,"frame_avg_stats_p40":5.998,"frame_avg_stats_p50":6.07,"frame_avg_stats_p60":6.115,"frame_avg_stats_p70":6.153,"frame_avg_stats_p80":6.197,"frame_avg_stats_p90":6.256,"frame_avg_stats_p95":6.311,"frame_avg_stats_max":6.737,"window_time":1000,"time_avg_stats_num":1961,"time_avg_stats_avg":5.784,"time_avg_stats_stdev":0.603,"time_avg_stats_min":3.744,"time_avg_stats_p5":3.972,"time_avg_stats_p10":4.766,"time_avg_stats_p20":5.89,"time_avg_stats_p30":5.913,"time_avg_stats_p40":5.951,"time_avg_stats_p50":5.985,"time_avg_stats_p60":6.034,"time_avg_stats_p70":6.061,"time_avg_stats_p80":6.092,"time_avg_stats_p90":6.117,"time_avg_stats_p95":6.133,"time_avg_stats_max":6.179,"fps":163.05201157870582},{"round":0,"codec_name":"c2.android.vp8.decoder","mime_type":"video/x-vnd.on2.vp8","width":320,"height":180,"config_format":"track-id=1, durationUs=10021000, display-height=180, mime=video/x-vnd.on2.vp8, width=320, language=und, bitrate=805450, height=180, display-width=320","input_format":"crop-right=319, crop-bottom=179, level=1, mime=video/x-vnd.on2.vp8, profile=1, width=320, crop-left=0, crop-top=0, max-input-size=2097152, height=180","output_format":"crop-right=319, max-height=240, sar-width=1, color-format=2130708361, mime=video/raw, color-standard=4, color-transfer=3, sar-height=1, crop-bottom=179, max-width=320, crop-left=0, width=320, color-range=2, crop-top=0, rotation-degrees=0, height=180","reported_low":30.0,"reported_high":31.0,"video_res":"/storage/emulated/0/test/CtsMediaTestCases-1.4/bbb_s1_320x180_webm_vp8_800kbps_30fps_opus_5ch_320kbps_48000hz.webm","decode_to":"surface","average_fps":313.1424009579882,"window_frames":10,"frame_avg_stats_num":3128,"frame_avg_stats_avg":3.191,"frame_avg_stats_stdev":2.558,"frame_avg_stats_min":0.395,"frame_avg_stats_p5":0.619,"frame_avg_stats_p10":0.731,"frame_avg_stats_p20":0.818,"frame_avg_stats_p30":0.86,"frame_avg_stats_p40":0.91,"frame_avg_stats_p50":1.144,"frame_avg_stats_p60":5.193,"frame_avg_stats_p70":6.049,"frame_avg_stats_p80":6.205,"frame_avg_stats_p90":6.311,"frame_avg_stats_p95":6.393,"frame_avg_stats_max":7.329,"window_time":1000,"time_avg_stats_num":2824,"time_avg_stats_avg":4.938,"time_avg_stats_stdev":1.801,"time_avg_stats_min":1.044,"time_avg_stats_p5":1.203,"time_avg_stats_p10":1.432,"time_avg_stats_p20":2.677,"time_avg_stats_p30":5.289,"time_avg_stats_p40":5.759,"time_avg_stats_p50":5.919,"time_avg_stats_p60":6.002,"time_avg_stats_p70":6.044,"time_avg_stats_p80":6.134,"time_avg_stats_p90":6.226,"time_avg_stats_p95":6.257,"time_avg_stats_max":6.286,"fps":159.8247188147075},{"round":1,"codec_name":"c2.android.vp8.decoder","mime_type":"video/x-vnd.on2.vp8","width":320,"height":180,"config_format":"track-id=1, durationUs=10021000, display-height=180, mime=video/x-vnd.on2.vp8, width=320, language=und, bitrate=805450, height=180, display-width=320","input_format":"crop-right=319, crop-bottom=179, level=1, mime=video/x-vnd.on2.vp8, profile=1, width=320, crop-left=0, crop-top=0, max-input-size=2097152, height=180","output_format":"crop-right=319, max-height=240, sar-width=1, color-format=2130708361, mime=video/raw, color-standard=4, color-transfer=3, sar-height=1, crop-bottom=179, max-width=320, crop-left=0, width=320, color-range=2, crop-top=0, rotation-degrees=0, height=180","reported_low":30.0,"reported_high":31.0,"video_res":"/storage/emulated/0/test/CtsMediaTestCases-1.4/bbb_s1_320x180_webm_vp8_800kbps_30fps_opus_5ch_320kbps_48000hz.webm","decode_to":"surface","average_fps":371.42572481817274,"window_frames":10,"frame_avg_stats_num":3718,"frame_avg_stats_avg":2.681,"frame_avg_stats_stdev":2.492,"frame_avg_stats_min":0.389,"frame_avg_stats_p5":0.611,"frame_avg_stats_p10":0.711,"frame_avg_stats_p20":0.785,"frame_avg_stats_p30":0.825,"frame_avg_stats_p40":0.859,"frame_avg_stats_p50":0.901,"frame_avg_stats_p60":1.0,"frame_avg_stats_p70":5.784,"frame_avg_stats_p80":6.107,"frame_avg_stats_p90":6.211,"frame_avg_stats_p95":6.27,"frame_avg_stats_max":6.78,"window_time":1000,"time_avg_stats_num":3355,"time_avg_stats_avg":4.975,"time_avg_stats_stdev":1.96,"time_avg_stats_min":0.797,"time_avg_stats_p5":0.807,"time_avg_stats_p10":0.817,"time_avg_stats_p20":3.055,"time_avg_stats_p30":5.834,"time_avg_stats_p40":5.855,"time_avg_stats_p50":5.893,"time_avg_stats_p60":5.932,"time_avg_stats_p70":6.061,"time_avg_stats_p80":6.11,"time_avg_stats_p90":6.138,"time_avg_stats_p95":6.152,"time_avg_stats_max":6.192,"fps":162.54942108175126},{"round":0,"codec_name":"c2.android.vp8.decoder","mime_type":"video/x-vnd.on2.vp8","width":320,"height":180,"config_format":"track-id=1, durationUs=10021000, display-height=180, mime=video/x-vnd.on2.vp8, width=320, language=und, bitrate=805450, height=180, display-width=320","input_format":"crop-right=319, crop-bottom=179, level=1, mime=video/x-vnd.on2.vp8, profile=1, width=320, crop-left=0, crop-top=0, max-input-size=2097152, height=180","output_format":"crop-right=319, max-height=240, sar-width=1, color-format=2130708361, mime=video/raw, color-standard=4, color-transfer=3, sar-height=1, crop-bottom=179, max-width=320, crop-left=0, width=320, color-range=2, crop-top=0, rotation-degrees=0, height=180","reported_low":30.0,"reported_high":31.0,"video_res":"/storage/emulated/0/test/CtsMediaTestCases-1.4/bbb_s1_320x180_webm_vp8_800kbps_30fps_opus_5ch_320kbps_48000hz.webm","decode_to":"surface","average_fps":434.7305389221557,"window_frames":10,"frame_avg_stats_num":4346,"frame_avg_stats_avg":2.296,"frame_avg_stats_stdev":2.284,"frame_avg_stats_min":0.4,"frame_avg_stats_p5":0.586,"frame_avg_stats_p10":0.687,"frame_avg_stats_p20":0.78,"frame_avg_stats_p30":0.826,"frame_avg_stats_p40":0.861,"frame_avg_stats_p50":0.903,"frame_avg_stats_p60":0.978,"frame_avg_stats_p70":2.274,"frame_avg_stats_p80":5.882,"frame_avg_stats_p90":6.229,"frame_avg_stats_p95":6.328,"frame_avg_stats_max":7.054,"window_time":1000,"time_avg_stats_num":3920,"time_avg_stats_avg":3.899,"time_avg_stats_stdev":2.108,"time_avg_stats_min":0.814,"time_avg_stats_p5":0.91,"time_avg_stats_p10":1.02,"time_avg_stats_p20":1.342,"time_avg_stats_p30":1.593,"time_avg_stats_p40":3.008,"time_avg_stats_p50":4.834,"time_avg_stats_p60":5.665,"time_avg_stats_p70":5.711,"time_avg_stats_p80":5.921,"time_avg_stats_p90":6.144,"time_avg_stats_p95":6.158,"time_avg_stats_max":6.215,"fps":162.38367126283057},{"round":1,"codec_name":"c2.android.vp8.decoder","mime_type":"video/x-vnd.on2.vp8","width":320,"height":180,"config_format":"track-id=1, durationUs=10021000, display-height=180, mime=video/x-vnd.on2.vp8, width=320, language=und, bitrate=805450, height=180, display-width=320","input_format":"crop-right=319, crop-bottom=179, level=1, mime=video/x-vnd.on2.vp8, profile=1, width=320, crop-left=0, crop-top=0, max-input-size=2097152, height=180","output_format":"crop-right=319, max-height=240, sar-width=1, color-format=2130708361, mime=video/raw, color-standard=4, color-transfer=3, sar-height=1, crop-bottom=179, max-width=320, crop-left=0, width=320, color-range=2, crop-top=0, rotation-degrees=0, height=180","reported_low":30.0,"reported_high":31.0,"video_res":"/storage/emulated/0/test/CtsMediaTestCases-1.4/bbb_s1_320x180_webm_vp8_800kbps_30fps_opus_5ch_320kbps_48000hz.webm","decode_to":"surface","average_fps":186.25738291323515,"window_frames":10,"frame_avg_stats_num":2229,"frame_avg_stats_avg":5.369,"frame_avg_stats_stdev":1.741,"frame_avg_stats_min":0.568,"frame_avg_stats_p5":0.85,"frame_avg_stats_p10":0.985,"frame_avg_stats_p20":5.583,"frame_avg_stats_p30":5.91,"frame_avg_stats_p40":6.022,"frame_avg_stats_p50":6.088,"frame_avg_stats_p60":6.146,"frame_avg_stats_p70":6.194,"frame_avg_stats_p80":6.242,"frame_avg_stats_p90":6.303,"frame_avg_stats_p95":6.365,"frame_avg_stats_max":6.776,"window_time":1000,"time_avg_stats_num":2052,"time_avg_stats_avg":5.98,"time_avg_stats_stdev":0.426,"time_avg_stats_min":2.391,"time_avg_stats_p5":5.676,"time_avg_stats_p10":5.738,"time_avg_stats_p20":5.972,"time_avg_stats_p30":6.036,"time_avg_stats_p40":6.055,"time_avg_stats_p50":6.079,"time_avg_stats_p60":6.092,"time_avg_stats_p70":6.103,"time_avg_stats_p80":6.116,"time_avg_stats_p90":6.151,"time_avg_stats_p95":6.175,"time_avg_stats_max":6.221,"fps":161.93094097969225},{"round":0,"codec_name":"c2.android.vp8.decoder","mime_type":"video/x-vnd.on2.vp8","width":320,"height":180,"config_format":"track-id=1, durationUs=10021000, display-height=180, mime=video/x-vnd.on2.vp8, width=320, language=und, bitrate=805450, height=180, display-width=320","input_format":"crop-right=319, crop-bottom=179, level=1, mime=video/x-vnd.on2.vp8, profile=1, width=320, crop-left=0, crop-top=0, max-input-size=2097152, height=180","output_format":"crop-right=319, max-height=240, sar-width=1, color-format=2130708361, mime=video/raw, color-standard=4, color-transfer=3, sar-height=1, crop-bottom=179, max-width=320, crop-left=0, width=320, color-range=2, crop-top=0, rotation-degrees=0, height=180","reported_low":30.0,"reported_high":31.0,"video_res":"/storage/emulated/0/test/CtsMediaTestCases-1.4/bbb_s1_320x180_webm_vp8_800kbps_30fps_opus_5ch_320kbps_48000hz.webm","decode_to":"surface","average_fps":297.12365325689433,"window_frames":10,"frame_avg_stats_num":2996,"frame_avg_stats_avg":3.363,"frame_avg_stats_stdev":2.581,"frame_avg_stats_min":0.4,"frame_avg_stats_p5":0.661,"frame_avg_stats_p10":0.752,"frame_avg_stats_p20":0.82,"frame_avg_stats_p30":0.864,"frame_avg_stats_p40":0.923,"frame_avg_stats_p50":2.019,"frame_avg_stats_p60":5.808,"frame_avg_stats_p70":6.075,"frame_avg_stats_p80":6.18,"frame_avg_stats_p90":6.28,"frame_avg_stats_p95":6.345,"frame_avg_stats_max":7.047,"window_time":1000,"time_avg_stats_num":2708,"time_avg_stats_avg":5.306,"time_avg_stats_stdev":1.525,"time_avg_stats_min":0.821,"time_avg_stats_p5":0.994,"time_avg_stats_p10":1.963,"time_avg_stats_p20":5.478,"time_avg_stats_p30":5.531,"time_avg_stats_p40":5.824,"time_avg_stats_p50":5.907,"time_avg_stats_p60":6.017,"time_avg_stats_p70":6.066,"time_avg_stats_p80":6.112,"time_avg_stats_p90":6.138,"time_avg_stats_p95":6.147,"time_avg_stats_max":6.197,"fps":162.67095606065507},{"round":1,"codec_name":"c2.android.vp8.decoder","mime_type":"video/x-vnd.on2.vp8","width":320,"height":180,"config_format":"track-id=1, durationUs=10021000, display-height=180, mime=video/x-vnd.on2.vp8, width=320, language=und, bitrate=805450, height=180, display-width=320","input_format":"crop-right=319, crop-bottom=179, level=1, mime=video/x-vnd.on2.vp8, profile=1, width=320, crop-left=0, crop-top=0, max-input-size=2097152, height=180","output_format":"crop-right=319, max-height=240, sar-width=1, color-format=2130708361, mime=video/raw, color-standard=4, color-transfer=3, sar-height=1, crop-bottom=179, max-width=320, crop-left=0, width=320, color-range=2, crop-top=0, rotation-degrees=0, height=180","reported_low":30.0,"reported_high":31.0,"video_res":"/storage/emulated/0/test/CtsMediaTestCases-1.4/bbb_s1_320x180_webm_vp8_800kbps_30fps_opus_5ch_320kbps_48000hz.webm","decode_to":"surface","average_fps":189.30383431755803,"window_frames":10,"frame_avg_stats_num":2266,"frame_avg_stats_avg":5.281,"frame_avg_stats_stdev":1.806,"frame_avg_stats_min":0.514,"frame_avg_stats_p5":0.817,"frame_avg_stats_p10":0.915,"frame_avg_stats_p20":5.139,"frame_avg_stats_p30":5.902,"frame_avg_stats_p40":6.015,"frame_avg_stats_p50":6.087,"frame_avg_stats_p60":6.139,"frame_avg_stats_p70":6.185,"frame_avg_stats_p80":6.231,"frame_avg_stats_p90":6.3,"frame_avg_stats_p95":6.366,"frame_avg_stats_max":6.596,"window_time":1000,"time_avg_stats_num":2086,"time_avg_stats_avg":5.913,"time_avg_stats_stdev":0.438,"time_avg_stats_min":2.317,"time_avg_stats_p5":5.627,"time_avg_stats_p10":5.701,"time_avg_stats_p20":5.773,"time_avg_stats_p30":5.852,"time_avg_stats_p40":5.942,"time_avg_stats_p50":6.015,"time_avg_stats_p60":6.061,"time_avg_stats_p70":6.101,"time_avg_stats_p80":6.119,"time_avg_stats_p90":6.169,"time_avg_stats_p95":6.197,"time_avg_stats_max":6.235,"fps":161.36287080683454},{"round":0,"codec_name":"c2.android.vp8.decoder","mime_type":"video/x-vnd.on2.vp8","width":320,"height":180,"config_format":"track-id=1, durationUs=10021000, display-height=180, mime=video/x-vnd.on2.vp8, width=320, language=und, bitrate=805450, height=180, display-width=320","input_format":"crop-right=319, crop-bottom=179, level=1, mime=video/x-vnd.on2.vp8, profile=1, width=320, crop-left=0, crop-top=0, max-input-size=2097152, height=180","output_format":"crop-right=319, max-height=240, sar-width=1, color-format=2130708361, mime=video/raw, color-standard=4, color-transfer=3, sar-height=1, crop-bottom=179, max-width=320, crop-left=0, width=320, color-range=2, crop-top=0, rotation-degrees=0, height=180","reported_low":30.0,"reported_high":31.0,"video_res":"/storage/emulated/0/test/CtsMediaTestCases-1.4/bbb_s1_320x180_webm_vp8_800kbps_30fps_opus_5ch_320kbps_48000hz.webm","decode_to":"surface","average_fps":550.5786113328013,"window_frames":10,"frame_avg_stats_num":5509,"frame_avg_stats_avg":1.812,"frame_avg_stats_stdev":2.049,"frame_avg_stats_min":0.401,"frame_avg_stats_p5":0.595,"frame_avg_stats_p10":0.687,"frame_avg_stats_p20":0.764,"frame_avg_stats_p30":0.807,"frame_avg_stats_p40":0.841,"frame_avg_stats_p50":0.867,"frame_avg_stats_p60":0.897,"frame_avg_stats_p70":0.943,"frame_avg_stats_p80":1.178,"frame_avg_stats_p90":6.146,"frame_avg_stats_p95":6.253,"frame_avg_stats_max":6.782,"window_time":1000,"time_avg_stats_num":4967,"time_avg_stats_avg":4.02,"time_avg_stats_stdev":2.479,"time_avg_stats_min":0.812,"time_avg_stats_p5":0.82,"time_avg_stats_p10":0.823,"time_avg_stats_p20":0.831,"time_avg_stats_p30":0.84,"time_avg_stats_p40":3.658,"time_avg_stats_p50":5.919,"time_avg_stats_p60":6.01,"time_avg_stats_p70":6.066,"time_avg_stats_p80":6.093,"time_avg_stats_p90":6.168,"time_avg_stats_p95":6.194,"time_avg_stats_max":6.226,"fps":161.43830499806975},{"round":1,"codec_name":"c2.android.vp8.decoder","mime_type":"video/x-vnd.on2.vp8","width":320,"height":180,"config_format":"track-id=1, durationUs=10021000, display-height=180, mime=video/x-vnd.on2.vp8, width=320, language=und, bitrate=805450, height=180, display-width=320","input_format":"crop-right=319, crop-bottom=179, level=1, mime=video/x-vnd.on2.vp8, profile=1, width=320, crop-left=0, crop-top=0, max-input-size=2097152, height=180","output_format":"crop-right=319, max-height=240, sar-width=1, color-format=2130708361, mime=video/raw, color-standard=4, color-transfer=3, sar-height=1, crop-bottom=179, max-width=320, crop-left=0, width=320, color-range=2, crop-top=0, rotation-degrees=0, height=180","reported_low":30.0,"reported_high":31.0,"video_res":"/storage/emulated/0/test/CtsMediaTestCases-1.4/bbb_s1_320x180_webm_vp8_800kbps_30fps_opus_5ch_320kbps_48000hz.webm","decode_to":"surface","average_fps":290.9126100841963,"window_frames":10,"frame_avg_stats_num":2996,"frame_avg_stats_avg":3.431,"frame_avg_stats_stdev":2.604,"frame_avg_stats_min":0.374,"frame_avg_stats_p5":0.643,"frame_avg_stats_p10":0.731,"frame_avg_stats_p20":0.819,"frame_avg_stats_p30":0.863,"frame_avg_stats_p40":0.911,"frame_avg_stats_p50":3.659,"frame_avg_stats_p60":5.873,"frame_avg_stats_p70":6.041,"frame_avg_stats_p80":6.147,"frame_avg_stats_p90":6.23,"frame_avg_stats_p95":6.299,"frame_avg_stats_max":6.748,"window_time":1000,"time_avg_stats_num":2714,"time_avg_stats_avg":5.448,"time_avg_stats_stdev":1.526,"time_avg_stats_min":0.814,"time_avg_stats_p5":1.033,"time_avg_stats_p10":2.038,"time_avg_stats_p20":5.926,"time_avg_stats_p30":5.96,"time_avg_stats_p40":5.989,"time_avg_stats_p50":6.007,"time_avg_stats_p60":6.027,"time_avg_stats_p70":6.044,"time_avg_stats_p80":6.067,"time_avg_stats_p90":6.122,"time_avg_stats_p95":6.145,"time_avg_stats_max":6.184,"fps":162.73196839383547},{"round":0,"codec_name":"c2.android.vp8.decoder","mime_type":"video/x-vnd.on2.vp8","width":320,"height":180,"config_format":"track-id=1, durationUs=10021000, display-height=180, mime=video/x-vnd.on2.vp8, width=320, language=und, bitrate=805450, height=180, display-width=320","input_format":"crop-right=319, crop-bottom=179, level=1, mime=video/x-vnd.on2.vp8, profile=1, width=320, crop-left=0, crop-top=0, max-input-size=2097152, height=180","output_format":"crop-right=319, max-height=240, sar-width=1, color-format=2130708361, mime=video/raw, color-standard=4, color-transfer=3, sar-height=1, crop-bottom=179, max-width=320, crop-left=0, width=320, color-range=2, crop-top=0, rotation-degrees=0, height=180","reported_low":30.0,"reported_high":31.0,"video_res":"/storage/emulated/0/test/CtsMediaTestCases-1.4/bbb_s1_320x180_webm_vp8_800kbps_30fps_opus_5ch_320kbps_48000hz.webm","decode_to":"surface","average_fps":385.014466726529,"window_frames":10,"frame_avg_stats_num":3849,"frame_avg_stats_avg":2.593,"frame_avg_stats_stdev":2.432,"frame_avg_stats_min":0.402,"frame_avg_stats_p5":0.605,"frame_avg_stats_p10":0.709,"frame_avg_stats_p20":0.79,"frame_avg_stats_p30":0.835,"frame_avg_stats_p40":0.871,"frame_avg_stats_p50":0.913,"frame_avg_stats_p60":1.033,"frame_avg_stats_p70":5.023,"frame_avg_stats_p80":6.113,"frame_avg_stats_p90":6.286,"frame_avg_stats_p95":6.374,"frame_avg_stats_max":6.908,"window_time":1000,"time_avg_stats_num":3473,"time_avg_stats_avg":4.487,"time_avg_stats_stdev":2.017,"time_avg_stats_min":0.826,"time_avg_stats_p5":0.921,"time_avg_stats_p10":1.078,"time_avg_stats_p20":1.652,"time_avg_stats_p30":3.497,"time_avg_stats_p40":5.044,"time_avg_stats_p50":5.723,"time_avg_stats_p60":5.843,"time_avg_stats_p70":5.926,"time_avg_stats_p80":6.149,"time_avg_stats_p90":6.192,"time_avg_stats_p95":6.211,"time_avg_stats_max":6.262,"fps":160.99381481887693},{"round":1,"codec_name":"c2.android.vp8.decoder","mime_type":"video/x-vnd.on2.vp8","width":320,"height":180,"config_format":"track-id=1, durationUs=10021000, display-height=180, mime=video/x-vnd.on2.vp8, width=320, language=und, bitrate=805450, height=180, display-width=320","input_format":"crop-right=319, crop-bottom=179, level=1, mime=video/x-vnd.on2.vp8, profile=1, width=320, crop-left=0, crop-top=0, max-input-size=2097152, height=180","output_format":"crop-right=319, max-height=240, sar-width=1, color-format=2130708361, mime=video/raw, color-standard=4, color-transfer=3, sar-height=1, crop-bottom=179, max-width=320, crop-left=0, width=320, color-range=2, crop-top=0, rotation-degrees=0, height=180","reported_low":30.0,"reported_high":31.0,"video_res":"/storage/emulated/0/test/CtsMediaTestCases-1.4/bbb_s1_320x180_webm_vp8_800kbps_30fps_opus_5ch_320kbps_48000hz.webm","decode_to":"surface","average_fps":167.83100465735197,"window_frames":10,"frame_avg_stats_num":2008,"frame_avg_stats_avg":5.957,"frame_avg_stats_stdev":0.557,"frame_avg_stats_min":2.314,"frame_avg_stats_p5":5.149,"frame_avg_stats_p10":5.511,"frame_avg_stats_p20":5.847,"frame_avg_stats_p30":5.984,"frame_avg_stats_p40":6.058,"frame_avg_stats_p50":6.108,"frame_avg_stats_p60":6.147,"frame_avg_stats_p70":6.185,"frame_avg_stats_p80":6.227,"frame_avg_stats_p90":6.288,"frame_avg_stats_p95":6.343,"frame_avg_stats_max":6.951,"window_time":1000,"time_avg_stats_num":1849,"time_avg_stats_avg":6.022,"time_avg_stats_stdev":0.108,"time_avg_stats_min":5.237,"time_avg_stats_p5":5.828,"time_avg_stats_p10":5.853,"time_avg_stats_p20":5.945,"time_avg_stats_p30":5.98,"time_avg_stats_p40":6.021,"time_avg_stats_p50":6.045,"time_avg_stats_p60":6.076,"time_avg_stats_p70":6.091,"time_avg_stats_p80":6.108,"time_avg_stats_p90":6.132,"time_avg_stats_p95":6.14,"time_avg_stats_max":6.196,"fps":162.86497588693553},{"round":0,"codec_name":"c2.android.vp8.decoder","mime_type":"video/x-vnd.on2.vp8","width":320,"height":180,"config_format":"track-id=1, durationUs=10021000, display-height=180, mime=video/x-vnd.on2.vp8, width=320, language=und, bitrate=805450, height=180, display-width=320","input_format":"crop-right=319, crop-bottom=179, level=1, mime=video/x-vnd.on2.vp8, profile=1, width=320, crop-left=0, crop-top=0, max-input-size=2097152, height=180","output_format":"crop-right=319, max-height=240, sar-width=1, color-format=2130708361, mime=video/raw, color-standard=4, color-transfer=3, sar-height=1, crop-bottom=179, max-width=320, crop-left=0, width=320, color-range=2, crop-top=0, rotation-degrees=0, height=180","reported_low":30.0,"reported_high":31.0,"video_res":"/storage/emulated/0/test/CtsMediaTestCases-1.4/bbb_s1_320x180_webm_vp8_800kbps_30fps_opus_5ch_320kbps_48000hz.webm","decode_to":"surface","average_fps":350.5689758434817,"window_frames":10,"frame_avg_stats_num":3502,"frame_avg_stats_avg":2.852,"frame_avg_stats_stdev":2.532,"frame_avg_stats_min":0.354,"frame_avg_stats_p5":0.618,"frame_avg_stats_p10":0.714,"frame_avg_stats_p20":0.795,"frame_avg_stats_p30":0.836,"frame_avg_stats_p40":0.876,"frame_avg_stats_p50":0.924,"frame_avg_stats_p60":2.273,"frame_avg_stats_p70":5.886,"frame_avg_stats_p80":6.15,"frame_avg_stats_p90":6.282,"frame_avg_stats_p95":6.343,"frame_avg_stats_max":6.873,"window_time":1000,"time_avg_stats_num":3161,"time_avg_stats_avg":5.119,"time_avg_stats_stdev":1.861,"time_avg_stats_min":0.815,"time_avg_stats_p5":0.823,"time_avg_stats_p10":0.95,"time_avg_stats_p20":5.708,"time_avg_stats_p30":5.788,"time_avg_stats_p40":5.863,"time_avg_stats_p50":5.923,"time_avg_stats_p60":6.044,"time_avg_stats_p70":6.078,"time_avg_stats_p80":6.128,"time_avg_stats_p90":6.175,"time_avg_stats_p95":6.205,"time_avg_stats_max":6.281,"fps":161.16358103475028},{"round":1,"codec_name":"c2.android.vp8.decoder","mime_type":"video/x-vnd.on2.vp8","width":320,"height":180,"config_format":"track-id=1, durationUs=10021000, display-height=180, mime=video/x-vnd.on2.vp8, width=320, language=und, bitrate=805450, height=180, display-width=320","input_format":"crop-right=319, crop-bottom=179, level=1, mime=video/x-vnd.on2.vp8, profile=1, width=320, crop-left=0, crop-top=0, max-input-size=2097152, height=180","output_format":"crop-right=319, max-height=240, sar-width=1, color-format=2130708361, mime=video/raw, color-standard=4, color-transfer=3, sar-height=1, crop-bottom=179, max-width=320, crop-left=0, width=320, color-range=2, crop-top=0, rotation-degrees=0, height=180","reported_low":30.0,"reported_high":31.0,"video_res":"/storage/emulated/0/test/CtsMediaTestCases-1.4/bbb_s1_320x180_webm_vp8_800kbps_30fps_opus_5ch_320kbps_48000hz.webm","decode_to":"surface","average_fps":244.25956738768718,"window_frames":10,"frame_avg_stats_num":2926,"frame_avg_stats_avg":4.089,"frame_avg_stats_stdev":2.432,"frame_avg_stats_min":0.413,"frame_avg_stats_p5":0.703,"frame_avg_stats_p10":0.794,"frame_avg_stats_p20":0.885,"frame_avg_stats_p30":1.083,"frame_avg_stats_p40":4.567,"frame_avg_stats_p50":5.851,"frame_avg_stats_p60":6.033,"frame_avg_stats_p70":6.108,"frame_avg_stats_p80":6.157,"frame_avg_stats_p90":6.231,"frame_avg_stats_p95":6.287,"frame_avg_stats_max":6.843,"window_time":1000,"time_avg_stats_num":2691,"time_avg_stats_avg":5.282,"time_avg_stats_stdev":1.356,"time_avg_stats_min":1.442,"time_avg_stats_p5":1.903,"time_avg_stats_p10":2.306,"time_avg_stats_p20":4.56,"time_avg_stats_p30":5.642,"time_avg_stats_p40":5.925,"time_avg_stats_p50":5.993,"time_avg_stats_p60":6.036,"time_avg_stats_p70":6.06,"time_avg_stats_p80":6.073,"time_avg_stats_p90":6.109,"time_avg_stats_p95":6.126,"time_avg_stats_max":6.159,"fps":163.23881839130647},{"round":0,"codec_name":"c2.android.vp8.decoder","mime_type":"video/x-vnd.on2.vp8","width":320,"height":180,"config_format":"track-id=1, durationUs=10021000, display-height=180, mime=video/x-vnd.on2.vp8, width=320, language=und, bitrate=805450, height=180, display-width=320","input_format":"crop-right=319, crop-bottom=179, level=1, mime=video/x-vnd.on2.vp8, profile=1, width=320, crop-left=0, crop-top=0, max-input-size=2097152, height=180","output_format":"crop-right=319, max-height=240, sar-width=1, color-format=2130708361, mime=video/raw, color-standard=4, color-transfer=3, sar-height=1, crop-bottom=179, max-width=320, crop-left=0, width=320, color-range=2, crop-top=0, rotation-degrees=0, height=180","reported_low":30.0,"reported_high":31.0,"video_res":"/storage/emulated/0/test/CtsMediaTestCases-1.4/bbb_s1_320x180_webm_vp8_800kbps_30fps_opus_5ch_320kbps_48000hz.webm","decode_to":"surface","average_fps":450.16462137084704,"window_frames":10,"frame_avg_stats_num":4502,"frame_avg_stats_avg":2.217,"frame_avg_stats_stdev":2.321,"frame_avg_stats_min":0.402,"frame_avg_stats_p5":0.576,"frame_avg_stats_p10":0.682,"frame_avg_stats_p20":0.778,"frame_avg_stats_p30":0.82,"frame_avg_stats_p40":0.852,"frame_avg_stats_p50":0.88,"frame_avg_stats_p60":0.917,"frame_avg_stats_p70":1.028,"frame_avg_stats_p80":5.957,"frame_avg_stats_p90":6.235,"frame_avg_stats_p95":6.32,"frame_avg_stats_max":6.761,"window_time":1000,"time_avg_stats_num":4061,"time_avg_stats_avg":4.6,"time_avg_stats_stdev":2.284,"time_avg_stats_min":0.8,"time_avg_stats_p5":0.811,"time_avg_stats_p10":0.817,"time_avg_stats_p20":0.873,"time_avg_stats_p30":5.169,"time_avg_stats_p40":5.837,"time_avg_stats_p50":5.952,"time_avg_stats_p60":6.085,"time_avg_stats_p70":6.14,"time_avg_stats_p80":6.195,"time_avg_stats_p90":6.233,"time_avg_stats_p95":6.259,"time_avg_stats_max":6.286,"fps":159.75740988024222},{"round":1,"codec_name":"c2.android.vp8.decoder","mime_type":"video/x-vnd.on2.vp8","width":320,"height":180,"config_format":"track-id=1, durationUs=10021000, display-height=180, mime=video/x-vnd.on2.vp8, width=320, language=und, bitrate=805450, height=180, display-width=320","input_format":"crop-right=319, crop-bottom=179, level=1, mime=video/x-vnd.on2.vp8, profile=1, width=320, crop-left=0, crop-top=0, max-input-size=2097152, height=180","output_format":"crop-right=319, max-height=240, sar-width=1, color-format=2130708361, mime=video/raw, color-standard=4, color-transfer=3, sar-height=1, crop-bottom=179, max-width=320, crop-left=0, width=320, color-range=2, crop-top=0, rotation-degrees=0, height=180","reported_low":30.0,"reported_high":31.0,"video_res":"/storage/emulated/0/test/CtsMediaTestCases-1.4/bbb_s1_320x180_webm_vp8_800kbps_30fps_opus_5ch_320kbps_48000hz.webm","decode_to":"surface","average_fps":213.32889591480156,"window_frames":10,"frame_avg_stats_num":2554,"frame_avg_stats_avg":4.68,"frame_avg_stats_stdev":2.264,"frame_avg_stats_min":0.435,"frame_avg_stats_p5":0.763,"frame_avg_stats_p10":0.831,"frame_avg_stats_p20":0.98,"frame_avg_stats_p30":5.271,"frame_avg_stats_p40":5.896,"frame_avg_stats_p50":6.021,"frame_avg_stats_p60":6.091,"frame_avg_stats_p70":6.143,"frame_avg_stats_p80":6.201,"frame_avg_stats_p90":6.267,"frame_avg_stats_p95":6.318,"frame_avg_stats_max":6.959,"window_time":1000,"time_avg_stats_num":2350,"time_avg_stats_avg":5.499,"time_avg_stats_stdev":1.386,"time_avg_stats_min":1.35,"time_avg_stats_p5":1.461,"time_avg_stats_p10":2.552,"time_avg_stats_p20":5.816,"time_avg_stats_p30":5.979,"time_avg_stats_p40":6.03,"time_avg_stats_p50":6.054,"time_avg_stats_p60":6.07,"time_avg_stats_p70":6.083,"time_avg_stats_p80":6.095,"time_avg_stats_p90":6.109,"time_avg_stats_p95":6.118,"time_avg_stats_max":6.142,"fps":163.44079983716082},{"round":0,"codec_name":"c2.android.vp8.decoder","mime_type":"video/x-vnd.on2.vp8","width":320,"height":180,"config_format":"track-id=1, durationUs=10021000, display-height=180, mime=video/x-vnd.on2.vp8, width=320, language=und, bitrate=805450, height=180, display-width=320","input_format":"crop-right=319, crop-bottom=179, level=1, mime=video/x-vnd.on2.vp8, profile=1, width=320, crop-left=0, crop-top=0, max-input-size=2097152, height=180","output_format":"crop-right=319, max-height=240, sar-width=1, color-format=2130708361, mime=video/raw, color-standard=4, color-transfer=3, sar-height=1, crop-bottom=179, max-width=320, crop-left=0, width=320, color-range=2, crop-top=0, rotation-degrees=0, height=180","reported_low":30.0,"reported_high":31.0,"video_res":"/storage/emulated/0/test/CtsMediaTestCases-1.4/bbb_s1_320x180_webm_vp8_800kbps_30fps_opus_5ch_320kbps_48000hz.webm","decode_to":"surface","average_fps":321.62108205230584,"window_frames":10,"frame_avg_stats_num":3212,"frame_avg_stats_avg":3.105,"frame_avg_stats_stdev":2.591,"frame_avg_stats_min":0.415,"frame_avg_stats_p5":0.641,"frame_avg_stats_p10":0.732,"frame_avg_stats_p20":0.817,"frame_avg_stats_p30":0.857,"frame_avg_stats_p40":0.905,"frame_avg_stats_p50":0.995,"frame_avg_stats_p60":5.132,"frame_avg_stats_p70":6.095,"frame_avg_stats_p80":6.22,"frame_avg_stats_p90":6.322,"frame_avg_stats_p95":6.386,"frame_avg_stats_max":7.007,"window_time":1000,"time_avg_stats_num":2899,"time_avg_stats_avg":5.274,"time_avg_stats_stdev":1.763,"time_avg_stats_min":0.818,"time_avg_stats_p5":0.84,"time_avg_stats_p10":1.231,"time_avg_stats_p20":5.589,"time_avg_stats_p30":5.884,"time_avg_stats_p40":5.948,"time_avg_stats_p50":6.026,"time_avg_stats_p60":6.082,"time_avg_stats_p70":6.15,"time_avg_stats_p80":6.205,"time_avg_stats_p90":6.23,"time_avg_stats_p95":6.25,"time_avg_stats_max":6.35,"fps":159.99855095651964},{"round":1,"codec_name":"c2.android.vp8.decoder","mime_type":"video/x-vnd.on2.vp8","width":320,"height":180,"config_format":"track-id=1, durationUs=10021000, display-height=180, mime=video/x-vnd.on2.vp8, width=320, language=und, bitrate=805450, height=180, display-width=320","input_format":"crop-right=319, crop-bottom=179, level=1, mime=video/x-vnd.on2.vp8, profile=1, width=320, crop-left=0, crop-top=0, max-input-size=2097152, height=180","output_format":"crop-right=319, max-height=240, sar-width=1, color-format=2130708361, mime=video/raw, color-standard=4, color-transfer=3, sar-height=1, crop-bottom=179, max-width=320, crop-left=0, width=320, color-range=2, crop-top=0, rotation-degrees=0, height=180","reported_low":30.0,"reported_high":31.0,"video_res":"/storage/emulated/0/test/CtsMediaTestCases-1.4/bbb_s1_320x180_webm_vp8_800kbps_30fps_opus_5ch_320kbps_48000hz.webm","decode_to":"surface","average_fps":321.061558415644,"window_frames":10,"frame_avg_stats_num":3208,"frame_avg_stats_avg":3.106,"frame_avg_stats_stdev":2.581,"frame_avg_stats_min":0.395,"frame_avg_stats_p5":0.614,"frame_avg_stats_p10":0.717,"frame_avg_stats_p20":0.801,"frame_avg_stats_p30":0.847,"frame_avg_stats_p40":0.892,"frame_avg_stats_p50":0.975,"frame_avg_stats_p60":5.568,"frame_avg_stats_p70":6.025,"frame_avg_stats_p80":6.137,"frame_avg_stats_p90":6.227,"frame_avg_stats_p95":6.291,"frame_avg_stats_max":6.845,"window_time":1000,"time_avg_stats_num":2895,"time_avg_stats_avg":5.261,"time_avg_stats_stdev":1.73,"time_avg_stats_min":0.812,"time_avg_stats_p5":0.823,"time_avg_stats_p10":1.231,"time_avg_stats_p20":5.864,"time_avg_stats_p30":5.935,"time_avg_stats_p40":5.977,"time_avg_stats_p50":5.994,"time_avg_stats_p60":6.015,"time_avg_stats_p70":6.038,"time_avg_stats_p80":6.061,"time_avg_stats_p90":6.103,"time_avg_stats_p95":6.149,"time_avg_stats_max":6.185,"fps":162.6280696048138},{"round":0,"codec_name":"c2.android.vp8.decoder","mime_type":"video/x-vnd.on2.vp8","width":320,"height":180,"config_format":"track-id=1, durationUs=10021000, display-height=180, mime=video/x-vnd.on2.vp8, width=320, language=und, bitrate=805450, height=180, display-width=320","input_format":"crop-right=319, crop-bottom=179, level=1, mime=video/x-vnd.on2.vp8, profile=1, width=320, crop-left=0, crop-top=0, max-input-size=2097152, height=180","output_format":"crop-right=319, max-height=240, sar-width=1, color-format=2130708361, mime=video/raw, color-standard=4, color-transfer=3, sar-height=1, crop-bottom=179, max-width=320, crop-left=0, width=320, color-range=2, crop-top=0, rotation-degrees=0, height=180","reported_low":30.0,"reported_high":31.0,"video_res":"/storage/emulated/0/test/CtsMediaTestCases-1.4/bbb_s1_320x180_webm_vp8_800kbps_30fps_opus_5ch_320kbps_48000hz.webm","decode_to":"surface","average_fps":247.77435726765952,"window_frames":10,"frame_avg_stats_num":2968,"frame_avg_stats_avg":4.038,"frame_avg_stats_stdev":2.549,"frame_avg_stats_min":0.423,"frame_avg_stats_p5":0.692,"frame_avg_stats_p10":0.785,"frame_avg_stats_p20":0.846,"frame_avg_stats_p30":0.897,"frame_avg_stats_p40":4.011,"frame_avg_stats_p50":5.868,"frame_avg_stats_p60":6.086,"frame_avg_stats_p70":6.187,"frame_avg_stats_p80":6.254,"frame_avg_stats_p90":6.323,"frame_avg_stats_p95":6.387,"frame_avg_stats_max":7.575,"window_time":1000,"time_avg_stats_num":2729,"time_avg_stats_avg":5.563,"time_avg_stats_stdev":1.308,"time_avg_stats_min":1.069,"time_avg_stats_p5":1.784,"time_avg_stats_p10":2.598,"time_avg_stats_p20":5.823,"time_avg_stats_p30":5.894,"time_avg_stats_p40":5.987,"time_avg_stats_p50":6.053,"time_avg_stats_p60":6.074,"time_avg_stats_p70":6.111,"time_avg_stats_p80":6.163,"time_avg_stats_p90":6.195,"time_avg_stats_p95":6.202,"time_avg_stats_max":6.302,"fps":161.2436724455727},{"round":1,"codec_name":"c2.android.vp8.decoder","mime_type":"video/x-vnd.on2.vp8","width":320,"height":180,"config_format":"track-id=1, durationUs=10021000, display-height=180, mime=video/x-vnd.on2.vp8, width=320, language=und, bitrate=805450, height=180, display-width=320","input_format":"crop-right=319, crop-bottom=179, level=1, mime=video/x-vnd.on2.vp8, profile=1, width=320, crop-left=0, crop-top=0, max-input-size=2097152, height=180","output_format":"crop-right=319, max-height=240, sar-width=1, color-format=2130708361, mime=video/raw, color-standard=4, color-transfer=3, sar-height=1, crop-bottom=179, max-width=320, crop-left=0, width=320, color-range=2, crop-top=0, rotation-degrees=0, height=180","reported_low":30.0,"reported_high":31.0,"video_res":"/storage/emulated/0/test/CtsMediaTestCases-1.4/bbb_s1_320x180_webm_vp8_800kbps_30fps_opus_5ch_320kbps_48000hz.webm","decode_to":"surface","average_fps":429.4411177644711,"window_frames":10,"frame_avg_stats_num":4293,"frame_avg_stats_avg":2.323,"frame_avg_stats_stdev":2.34,"frame_avg_stats_min":0.38,"frame_avg_stats_p5":0.566,"frame_avg_stats_p10":0.675,"frame_avg_stats_p20":0.767,"frame_avg_stats_p30":0.814,"frame_avg_stats_p40":0.85,"frame_avg_stats_p50":0.886,"frame_avg_stats_p60":0.935,"frame_avg_stats_p70":1.844,"frame_avg_stats_p80":5.975,"frame_avg_stats_p90":6.158,"frame_avg_stats_p95":6.234,"frame_avg_stats_max":6.901,"window_time":1000,"time_avg_stats_num":3872,"time_avg_stats_avg":4.602,"time_avg_stats_stdev":2.133,"time_avg_stats_min":0.798,"time_avg_stats_p5":0.81,"time_avg_stats_p10":0.813,"time_avg_stats_p20":1.145,"time_avg_stats_p30":5.109,"time_avg_stats_p40":5.779,"time_avg_stats_p50":5.927,"time_avg_stats_p60":5.975,"time_avg_stats_p70":6.006,"time_avg_stats_p80":6.044,"time_avg_stats_p90":6.06,"time_avg_stats_p95":6.148,"time_avg_stats_max":6.186,"fps":162.65287855184383}]}