{
  "profile_480p": true,
  "profile_720p": true,
  "profile_1080p": true,
  "profile_cif": true,
  "profile_qcif": true,
  "profile_qvga": true,
  "num_of_camera": 4,
  "per_camera_info": [
    {
      "cameraId": "0",
      "android_colorCorrection_availableAberrationModes": [
        0,
        1,
        2
      ],
      "android_control_aeAvailableAntibandingModes": [
        0,
        1,
        2,
        3
      ],
      "android_control_aeAvailableModes": [
        0,
        1,
        2,
        3,
        4
      ],
      "android_control_aeAvailableTargetFpsRanges": [
        {
          "lower": 15,
          "upper": 15
        },
        {
          "lower": 7,
          "upper": 30
        },
        {
          "lower": 15,
          "upper": 30
        },
        {
          "lower": 30,
          "upper": 30
        },
        {
          "lower": 15,
          "upper": 60
        },
        {
          "lower": 60,
          "upper": 60
        }
      ],
      "android_control_aeCompensationRange": {
        "lower": -24,
        "upper": 24
      },
      "android_control_aeCompensationStep": {
        "numerator": 1,
        "denominator": 6
      },
      "android_control_aeLockAvailable": true,
      "android_control_afAvailableModes": [
        0,
        1,
        2,
        3,
        4
      ],
      "android_control_availableEffects": [
        0
      ],
      "android_control_availableModes": [
        0,
        1,
        2
      ],
      "android_control_availableSceneModes": [
        0,
        1,
        2,
        3,
        4,
        5,
        6,
        7,
        8,
        9,
        10,
        12,
        13,
        14,
        15
      ],
      "android_control_availableVideoStabilizationModes": [
        0,
        1
      ],
      "android_control_awbAvailableModes": [
        1,
        2,
        3,
        4,
        5,
        6,
        7,
        8,
        0
      ],
      "android_control_awbLockAvailable": true,
      "android_control_maxRegionsAe": 1,
      "android_control_maxRegionsAf": 1,
      "android_control_maxRegionsAwb": 0,
      "android_control_postRawSensitivityBoostRange": {
        "lower": 100,
        "upper": 3199
      },
      "android_depth_depthIsExclusive": false,
      "android_distortionCorrection_availableModes": [
        0
      ],
      "android_edge_availableEdgeModes": [
        1,
        2,
        0,
        3
      ],
      "android_flash_info_available": true,
      "android_hotPixel_availableHotPixelModes": [
        0,
        1,
        2
      ],
      "android_info_supportedHardwareLevel": 3,
      "android_jpeg_availableThumbnailSizes": [
        {
          "width": 0,
          "height": 0
        },
        {
          "width": 176,
          "height": 144
        },
        {
          "width": 240,
          "height": 144
        },
        {
          "width": 256,
          "height": 144
        },
        {
          "width": 240,
          "height": 160
        },
        {
          "width": 256,
          "height": 154
        },
        {
          "width": 240,
          "height": 240
        },
        {
          "width": 320,
          "height": 240
        }
      ],
      "android_lens_facing": 1,
      "android_lens_info_availableApertures": [
        1.7999999523162842
      ],
      "android_lens_info_availableFilterDensities": [
        0.0
      ],
      "android_lens_info_availableFocalLengths": [
        4.440000057220459
      ],
      "android_lens_info_availableOpticalStabilization": [
        0,
        1
      ],
      "android_lens_info_focusDistanceCalibration": 2,
      "android_noiseReduction_availableNoiseReductionModes": [
        0,
        1,
        2,
        3,
        4
      ],
      "android_reprocess_maxCaptureStall": 2,
      "android_request_availableCapabilities": [
        0,
        9,
        3,
        7,
        4,
        5,
        1,
        6,
        2
      ],
      "android_request_maxNumInputStreams": 1,
      "android_request_maxNumOutputProc": 3,
      "android_request_maxNumOutputProcStalling": 2,
      "android_request_maxNumOutputRaw": 1,
      "android_request_partialResultCount": 1,
      "android_request_pipelineMaxDepth": 8,
      "android_scaler_availableMaxDigitalZoom": 7.0,
      "android_scaler_availableRotateAndCropModes": [
        0
      ],
      "android_scaler_croppingType": 0,
      "android_scaler_streamConfigurationMap": {
        "availableStreamConfigurations": [
          {
            "format": 32,
            "width": 4032,
            "height": 3024,
            "input": false,
            "minFrameDuration": 33320000
          },
          {
            "format": 256,
            "width": 4032,
            "height": 3024,
            "input": false,
            "minFrameDuration": 33333333
          },
          {
            "format": 256,
            "width": 4000,
            "height": 3000,
            "input": false,
            "minFrameDuration": 33333333
          },
          {
            "format": 256,
            "width": 3840,
            "height": 2160,
            "input": false,
            "minFrameDuration": 33333333
          },
          {
            "format": 256,
            "width": 4000,
            "height": 2000,
            "input": false,
            "minFrameDuration": 33333333
          },
          {
            "format": 256,
            "width": 3264,
            "height": 2448,
            "input": false,
            "minFrameDuration": 33333333
          },
          {
            "format": 256,
            "width": 3200,
            "height": 2400,
            "input": false,
            "minFrameDuration": 33333333
          },
          {
            "format": 256,
            "width": 2688,
            "height": 1512,
            "input": false,
            "minFrameDuration": 33333333
          },
          {
            "format": 256,
            "width": 2592,
            "height": 1944,
            "input": false,
            "minFrameDuration": 33333333
          },
          {
            "format": 256,
            "width": 2560,
            "height": 1280,
            "input": false,
            "minFrameDuration": 33333333
          },
          {
            "format": 256,
            "width": 2048,
            "height": 1536,
            "input": false,
            "minFrameDuration": 33333333
          },
          {
            "format": 256,
            "width": 1920,
            "height": 1440,
            "input": false,
            "minFrameDuration": 33333333
          },
          {
            "format": 256,
            "width": 1920,
            "height": 1080,
            "input": false,
            "minFrameDuration": 16666666
          },
          {
            "format": 256,
            "width": 1600,
            "height": 1200,
            "input": false,
            "minFrameDuration": 33333333
          },
          {
            "format": 256,
            "width": 1920,
            "height": 960,
            "input": false,
            "minFrameDuration": 16666666
          },
          {
            "format": 256,
            "width": 1280,
            "height": 960,
            "input": false,
            "minFrameDuration": 16666666
          },
          {
            "format": 256,
            "width": 1280,
            "height": 768,
            "input": false,
            "minFrameDuration": 16666666
          },
          {
            "format": 256,
            "width": 1280,
            "height": 720,
            "input": false,
            "minFrameDuration": 16666666
          },
          {
            "format": 256,
            "width": 1024,
            "height": 768,
            "input": false,
            "minFrameDuration": 16666666
          },
          {
            "format": 256,
            "width": 800,
            "height": 400,
            "input": false,
            "minFrameDuration": 33333333
          },
          {
            "format": 256,
            "width": 800,
            "height": 600,
            "input": false,
            "minFrameDuration": 16666666
          },
          {
            "format": 256,
            "width": 800,
            "height": 480,
            "input": false,
            "minFrameDuration": 16666666
          },
          {
            "format": 256,
            "width": 720,
            "height": 480,
            "input": false,
            "minFrameDuration": 16666666
          },
          {
            "format": 256,
            "width": 640,
            "height": 400,
            "input": false,
            "minFrameDuration": 33333333
          },
          {
            "format": 256,
            "width": 640,
            "height": 480,
            "input": false,
            "minFrameDuration": 16666666
          },
          {
            "format": 256,
            "width": 640,
            "height": 360,
            "input": false,
            "minFrameDuration": 33333333
          },
          {
            "format": 256,
            "width": 352,
            "height": 288,
            "input": false,
            "minFrameDuration": 33333333
          },
          {
            "format": 256,
            "width": 320,
            "height": 240,
            "input": false,
            "minFrameDuration": 33333333
          },
          {
            "format": 256,
            "width": 176,
            "height": 144,
            "input": false,
            "minFrameDuration": 33333333
          },
          {
            "format": 34,
            "width": 4032,
            "height": 3024,
            "input": false,
            "minFrameDuration": 33333333
          },
          {
            "format": 34,
            "width": 4000,
            "height": 3000,
            "input": false,
            "minFrameDuration": 33333333
          },
          {
            "format": 34,
            "width": 3840,
            "height": 2160,
            "input": false,
            "minFrameDuration": 33333333
          },
          {
            "format": 34,
            "width": 4000,
            "height": 2000,
            "input": false,
            "minFrameDuration": 33333333
          },
          {
            "format": 34,
            "width": 3264,
            "height": 2448,
            "input": false,
            "minFrameDuration": 33333333
          },
          {
            "format": 34,
            "width": 3200,
            "height": 2400,
            "input": false,
            "minFrameDuration": 33333333
          },
          {
            "format": 34,
            "width": 2688,
            "height": 1512,
            "input": false,
            "minFrameDuration": 33333333
          },
          {
            "format": 34,
            "width": 2592,
            "height": 1944,
            "input": false,
            "minFrameDuration": 33333333
          },
          {
            "format": 34,
            "width": 2560,
            "height": 1280,
            "input": false,
            "minFrameDuration": 33333333
          },
          {
            "format": 34,
            "width": 2048,
            "height": 1536,
            "input": false,
            "minFrameDuration": 33333333
          },
          {
            "format": 34,
            "width": 1920,
            "height": 1440,
            "input": false,
            "minFrameDuration": 33333333
          },
          {
            "format": 34,
            "width": 1920,
            "height": 1080,
            "input": false,
            "minFrameDuration": 16666666
          },
          {
            "format": 34,
            "width": 1600,
            "height": 1200,
            "input": false,
            "minFrameDuration": 33333333
          },
          {
            "format": 34,
            "width": 1920,
            "height": 960,
            "input": false,
            "minFrameDuration": 16666666
          },
          {
            "format": 34,
            "width": 1280,
            "height": 960,
            "input": false,
            "minFrameDuration": 16666666
          },
          {
            "format": 34,
            "width": 1280,
            "height": 768,
            "input": false,
            "minFrameDuration": 16666666
          },
          {
            "format": 34,
            "width": 1280,
            "height": 720,
            "input": false,
            "minFrameDuration": 16666666
          },
          {
            "format": 34,
            "width": 1024,
            "height": 768,
            "input": false,
            "minFrameDuration": 16666666
          },
          {
            "format": 34,
            "width": 800,
            "height": 400,
            "input": false,
            "minFrameDuration": 33333333
          },
          {
            "format": 34,
            "width": 800,
            "height": 600,
            "input": false,
            "minFrameDuration": 16666666
          },
          {
            "format": 34,
            "width": 800,
            "height": 480,
            "input": false,
            "minFrameDuration": 16666666
          },
          {
            "format": 34,
            "width": 720,
            "height": 480,
            "input": false,
            "minFrameDuration": 16666666
          },
          {
            "format": 34,
            "width": 640,
            "height": 400,
            "input": false,
            "minFrameDuration": 33333333
          },
          {
            "format": 34,
            "width": 640,
            "height": 480,
            "input": false,
            "minFrameDuration": 16666666
          },
          {
            "format": 34,
            "width": 640,
            "height": 360,
            "input": false,
            "minFrameDuration": 33333333
          },
          {
            "format": 34,
            "width": 352,
            "height": 288,
            "input": false,
            "minFrameDuration": 33333333
          },
          {
            "format": 34,
            "width": 320,
            "height": 240,
            "input": false,
            "minFrameDuration": 33333333
          },
          {
            "format": 34,
            "width": 176,
            "height": 144,
            "input": false,
            "minFrameDuration": 33333333
          },
          {
            "format": 34,
            "width": 160,
            "height": 120,
            "input": false,
            "minFrameDuration": 33333333
          },
          {
            "format": 35,
            "width": 4032,
            "height": 3024,
            "input": false,
            "minFrameDuration": 33333333
          },
          {
            "format": 35,
            "width": 4000,
            "height": 3000,
            "input": false,
            "minFrameDuration": 33333333
          },
          {
            "format": 35,
            "width": 3840,
            "height": 2160,
            "input": false,
            "minFrameDuration": 33333333
          },
          {
            "format": 35,
            "width": 4000,
            "height": 2000,
            "input": false,
            "minFrameDuration": 33333333
          },
          {
            "format": 35,
            "width": 3264,
            "height": 2448,
            "input": false,
            "minFrameDuration": 33333333
          },
          {
            "format": 35,
            "width": 3200,
            "height": 2400,
            "input": false,
            "minFrameDuration": 33333333
          },
          {
            "format": 35,
            "width": 2688,
            "height": 1512,
            "input": false,
            "minFrameDuration": 33333333
          },
          {
            "format": 35,
            "width": 2592,
            "height": 1944,
            "input": false,
            "minFrameDuration": 33333333
          },
          {
            "format": 35,
            "width": 2560,
            "height": 1280,
            "input": false,
            "minFrameDuration": 33333333
          },
          {
            "format": 35,
            "width": 2048,
            "height": 1536,
            "input": false,
            "minFrameDuration": 33333333
          },
          {
            "format": 35,
            "width": 1920,
            "height": 1440,
            "input": false,
            "minFrameDuration": 33333333
          },
          {
            "format": 35,
            "width": 1920,
            "height": 1080,
            "input": false,
            "minFrameDuration": 16666666
          },
          {
            "format": 35,
            "width": 1600,
            "height": 1200,
            "input": false,
            "minFrameDuration": 33333333
          },
          {
            "format": 35,
            "width": 1920,
            "height": 960,
            "input": false,
            "minFrameDuration": 16666666
          },
          {
            "format": 35,
            "width": 1280,
            "height": 960,
            "input": false,
            "minFrameDuration": 16666666
          },
          {
            "format": 35,
            "width": 1280,
            "height": 768,
            "input": false,
            "minFrameDuration": 16666666
          },
          {
            "format": 35,
            "width": 1280,
            "height": 720,
            "input": false,
            "minFrameDuration": 16666666
          },
          {
            "format": 35,
            "width": 1024,
            "height": 768,
            "input": false,
            "minFrameDuration": 16666666
          },
          {
            "format": 35,
            "width": 800,
            "height": 400,
            "input": false,
            "minFrameDuration": 33333333
          },
          {
            "format": 35,
            "width": 800,
            "height": 600,
            "input": false,
            "minFrameDuration": 16666666
          },
          {
            "format": 35,
            "width": 800,
            "height": 480,
            "input": false,
            "minFrameDuration": 16666666
          },
          {
            "format": 35,
            "width": 720,
            "height": 480,
            "input": false,
            "minFrameDuration": 16666666
          },
          {
            "format": 35,
            "width": 640,
            "height": 400,
            "input": false,
            "minFrameDuration": 33333333
          },
          {
            "format": 35,
            "width": 640,
            "height": 480,
            "input": false,
            "minFrameDuration": 16666666
          },
          {
            "format": 35,
            "width": 640,
            "height": 360,
            "input": false,
            "minFrameDuration": 33333333
          },
          {
            "format": 35,
            "width": 352,
            "height": 288,
            "input": false,
            "minFrameDuration": 33333333
          },
          {
            "format": 35,
            "width": 320,
            "height": 240,
            "input": false,
            "minFrameDuration": 33333333
          },
          {
            "format": 35,
            "width": 176,
            "height": 144,
            "input": false,
            "minFrameDuration": 33333333
          },
          {
            "format": 35,
            "width": 160,
            "height": 120,
            "input": false,
            "minFrameDuration": 33333333
          },
          {
            "format": 36,
            "width": 4032,
            "height": 3024,
            "input": false,
            "minFrameDuration": 33320000
          },
          {
            "format": 37,
            "width": 4032,
            "height": 3024,
            "input": false,
            "minFrameDuration": 33320000
          },
          {
            "format": 4098,
            "width": 4032,
            "height": 756,
            "input": false,
            "minFrameDuration": 33333333
          }
        ],
        "availableHighSpeedVideoConfigurations": [
          {
            "width": 1280,
            "height": 720,
            "minFps": 30,
            "maxFps": 240
          },
          {
            "width": 1280,
            "height": 720,
            "minFps": 240,
            "maxFps": 240
          },
          {
            "width": 640,
            "height": 480,
            "minFps": 30,
            "maxFps": 240
          },
          {
            "width": 640,
            "height": 480,
            "minFps": 240,
            "maxFps": 240
          },
          {
            "width": 1920,
            "height": 1080,
            "minFps": 30,
            "maxFps": 120
          },
          {
            "width": 1920,
            "height": 1080,
            "minFps": 120,
            "maxFps": 120
          }
        ],
        "availableInputConfigurations": [
          {
            "inputFormat": 34,
            "inputWidth": 4032,
            "inputHeight": 3024
          },
          {
            "inputFormat": 35,
            "inputWidth": 4032,
            "inputHeight": 3024
          }
        ],
        "availableInputOutputFormatsMap": [
          {
            "inputFormat": 34,
            "outputFormat": 35
          },
          {
            "inputFormat": 34,
            "outputFormat": 256
          },
          {
            "inputFormat": 35,
            "outputFormat": 35
          },
          {
            "inputFormat": 35,
            "outputFormat": 256
          }
        ]
      },
      "android_sensor_availableTestPatternModes": [
        0,
        1,
        2,
        3,
        4
      ],
      "android_sensor_blackLevelPattern": {
        "black_level_pattern": [
          64,
          64,
          64,
          64
        ]
      },
      "android_sensor_info_activeArraySize": {
        "left": 0,
        "right": 4032,
        "top": 0,
        "bottom": 3024
      },
      "android_sensor_info_colorFilterArrangement": 3,
      "android_sensor_info_exposureTimeRange": {
        "lower": 54444,
        "upper": 4000044384
      },
      "android_sensor_info_lensShadingApplied": true,
      "android_sensor_info_maxFrameDuration": 4000098816,
      "android_sensor_info_physicalSize": {
        "width": 5.644800186157227,
        "height": 4.23360013961792
      },
      "android_sensor_info_pixelArraySize": {
        "width": 4032,
        "height": 3024
      },
      "android_sensor_info_preCorrectionActiveArraySize": {
        "left": 0,
        "right": 4032,
        "top": 0,
        "bottom": 3024
      },
      "android_sensor_info_sensitivityRange": {
        "lower": 55,
        "upper": 7111
      },
      "android_sensor_info_timestampSource": 1,
      "android_sensor_info_whiteLevel": 1023,
      "android_sensor_maxAnalogSensitivity": 444,
      "android_sensor_orientation": 90,
      "android_shading_availableModes": [
        0,
        1,
        2
      ],
      "android_statistics_info_availableFaceDetectModes": [
        0,
        1,
        2
      ],
      "android_statistics_info_availableHotPixelMapModes": [
        false,
        true
      ],
      "android_statistics_info_availableLensShadingMapModes": [
        0,
        1
      ],
      "android_statistics_info_availableOisDataModes": [
        0,
        1
      ],
      "android_statistics_info_maxFaceCount": 10,
      "android_sync_maxLatency": 0,
      "android_tonemap_availableToneMapModes": [
        0,
        1,
        2
      ],
      "android_tonemap_maxCurvePoints": 64
    },
    {
      "cameraId": "1",
      "android_colorCorrection_availableAberrationModes": [
        0,
        1,
        2
      ],
      "android_control_aeAvailableAntibandingModes": [
        0,
        1,
        2,
        3
      ],
      "android_control_aeAvailableModes": [
        0,
        1,
        5
      ],
      "android_control_aeAvailableTargetFpsRanges": [
        {
          "lower": 15,
          "upper": 15
        },
        {
          "lower": 7,
          "upper": 30
        },
        {
          "lower": 15,
          "upper": 30
        },
        {
          "lower": 30,
          "upper": 30
        }
      ],
      "android_control_aeCompensationRange": {
        "lower": -24,
        "upper": 24
      },
      "android_control_aeCompensationStep": {
        "numerator": 1,
        "denominator": 6
      },
      "android_control_aeLockAvailable": true,
      "android_control_afAvailableModes": [
        0,
        1,
        2,
        3,
        4
      ],
      "android_control_availableEffects": [
        0
      ],
      "android_control_availableModes": [
        0,
        1,
        2
      ],
      "android_control_availableSceneModes": [
        0,
        1,
        2,
        3,
        4,
        5,
        6,
        7,
        8,
        9,
        10,
        12,
        13,
        14,
        15
      ],
      "android_control_availableVideoStabilizationModes": [
        0,
        1
      ],
      "android_control_awbAvailableModes": [
        1,
        2,
        3,
        4,
        5,
        6,
        7,
        8,
        0
      ],
      "android_control_awbLockAvailable": true,
      "android_control_maxRegionsAe": 1,
      "android_control_maxRegionsAf": 1,
      "android_control_maxRegionsAwb": 0,
      "android_control_postRawSensitivityBoostRange": {
        "lower": 100,
        "upper": 3199
      },
      "android_distortionCorrection_availableModes": [
        0,
        1,
        2
      ],
      "android_edge_availableEdgeModes": [
        1,
        2,
        0
      ],
      "android_flash_info_available": false,
      "android_hotPixel_availableHotPixelModes": [
        0,
        1,
        2
      ],
      "android_info_supportedHardwareLevel": 1,
      "android_jpeg_availableThumbnailSizes": [
        {
          "width": 0,
          "height": 0
        },
        {
          "width": 176,
          "height": 144
        },
        {
          "width": 240,
          "height": 144
        },
        {
          "width": 256,
          "height": 144
        },
        {
          "width": 240,
          "height": 160
        },
        {
          "width": 256,
          "height": 154
        },
        {
          "width": 240,
          "height": 240
        },
        {
          "width": 320,
          "height": 240
        }
      ],
      "android_lens_facing": 0,
      "android_lens_info_availableApertures": [
        1.7999999523162842,
        2.200000047683716
      ],
      "android_lens_info_availableFilterDensities": [
        0.0
      ],
      "android_lens_info_availableFocalLengths": [
        2.0299999713897705,
        2.9700000286102295
      ],
      "android_lens_info_availableOpticalStabilization": [
        0
      ],
      "android_lens_info_focusDistanceCalibration": 2,
      "android_logicalMultiCamera_sensorSyncType": 0,
      "android_noiseReduction_availableNoiseReductionModes": [
        0,
        1,
        2,
        3
      ],
      "android_reprocess_maxCaptureStall": 2,
      "android_request_availableCapabilities": [
        0,
        3,
        5,
        1,
        6,
        2,
        11
      ],
      "android_request_maxNumInputStreams": 0,
      "android_request_maxNumOutputProc": 3,
      "android_request_maxNumOutputProcStalling": 2,
      "android_request_maxNumOutputRaw": 1,
      "android_request_partialResultCount": 1,
      "android_request_pipelineMaxDepth": 8,
      "android_scaler_availableMaxDigitalZoom": 7.0,
      "android_scaler_availableRotateAndCropModes": [
        0
      ],
      "android_scaler_croppingType": 0,
      "android_scaler_streamConfigurationMap": {
        "availableStreamConfigurations": [
          {
            "format": 32,
            "width": 3280,
            "height": 2464,
            "input": false,
            "minFrameDuration": 33304186
          },
          {
            "format": 256,
            "width": 3264,
            "height": 2448,
            "input": false,
            "minFrameDuration": 33333333
          },
          {
            "format": 256,
            "width": 3200,
            "height": 2400,
            "input": false,
            "minFrameDuration": 33333333
          },
          {
            "format": 256,
            "width": 2688,
            "height": 1512,
            "input": false,
            "minFrameDuration": 33333333
          },
          {
            "format": 256,
            "width": 2592,
            "height": 1944,
            "input": false,
            "minFrameDuration": 33333333
          },
          {
            "format": 256,
            "width": 2560,
            "height": 1280,
            "input": false,
            "minFrameDuration": 33333333
          },
          {
            "format": 256,
            "width": 2048,
            "height": 1536,
            "input": false,
            "minFrameDuration": 33333333
          },
          {
            "format": 256,
            "width": 1920,
            "height": 1440,
            "input": false,
            "minFrameDuration": 33333333
          },
          {
            "format": 256,
            "width": 1920,
            "height": 1080,
            "input": false,
            "minFrameDuration": 33333333
          },
          {
            "format": 256,
            "width": 1600,
            "height": 1200,
            "input": false,
            "minFrameDuration": 33333333
          },
          {
            "format": 256,
            "width": 1920,
            "height": 960,
            "input": false,
            "minFrameDuration": 33333333
          },
          {
            "format": 256,
            "width": 1280,
            "height": 960,
            "input": false,
            "minFrameDuration": 33333333
          },
          {
            "format": 256,
            "width": 1280,
            "height": 768,
            "input": false,
            "minFrameDuration": 33333333
          },
          {
            "format": 256,
            "width": 1280,
            "height": 720,
            "input": false,
            "minFrameDuration": 33333333
          },
          {
            "format": 256,
            "width": 1024,
            "height": 768,
            "input": false,
            "minFrameDuration": 33333333
          },
          {
            "format": 256,
            "width": 800,
            "height": 400,
            "input": false,
            "minFrameDuration": 33333333
          },
          {
            "format": 256,
            "width": 800,
            "height": 600,
            "input": false,
            "minFrameDuration": 33333333
          },
          {
            "format": 256,
            "width": 800,
            "height": 480,
            "input": false,
            "minFrameDuration": 33333333
          },
          {
            "format": 256,
            "width": 720,
            "height": 480,
            "input": false,
            "minFrameDuration": 33333333
          },
          {
            "format": 256,
            "width": 640,
            "height": 400,
            "input": false,
            "minFrameDuration": 33333333
          },
          {
            "format": 256,
            "width": 640,
            "height": 480,
            "input": false,
            "minFrameDuration": 33333333
          },
          {
            "format": 256,
            "width": 640,
            "height": 360,
            "input": false,
            "minFrameDuration": 33333333
          },
          {
            "format": 256,
            "width": 352,
            "height": 288,
            "input": false,
            "minFrameDuration": 33333333
          },
          {
            "format": 256,
            "width": 320,
            "height": 240,
            "input": false,
            "minFrameDuration": 33333333
          },
          {
            "format": 256,
            "width": 176,
            "height": 144,
            "input": false,
            "minFrameDuration": 33333333
          },
          {
            "format": 34,
            "width": 3264,
            "height": 2448,
            "input": false,
            "minFrameDuration": 33333333
          },
          {
            "format": 34,
            "width": 3200,
            "height": 2400,
            "input": false,
            "minFrameDuration": 33333333
          },
          {
            "format": 34,
            "width": 2688,
            "height": 1512,
            "input": false,
            "minFrameDuration": 33333333
          },
          {
            "format": 34,
            "width": 2592,
            "height": 1944,
            "input": false,
            "minFrameDuration": 33333333
          },
          {
            "format": 34,
            "width": 2560,
            "height": 1280,
            "input": false,
            "minFrameDuration": 33333333
          },
          {
            "format": 34,
            "width": 2048,
            "height": 1536,
            "input": false,
            "minFrameDuration": 33333333
          },
          {
            "format": 34,
            "width": 1920,
            "height": 1440,
            "input": false,
            "minFrameDuration": 33333333
          },
          {
            "format": 34,
            "width": 1920,
            "height": 1080,
            "input": false,
            "minFrameDuration": 33333333
          },
          {
            "format": 34,
            "width": 1600,
            "height": 1200,
            "input": false,
            "minFrameDuration": 33333333
          },
          {
            "format": 34,
            "width": 1920,
            "height": 960,
            "input": false,
            "minFrameDuration": 33333333
          },
          {
            "format": 34,
            "width": 1280,
            "height": 960,
            "input": false,
            "minFrameDuration": 33333333
          },
          {
            "format": 34,
            "width": 1280,
            "height": 768,
            "input": false,
            "minFrameDuration": 33333333
          },
          {
            "format": 34,
            "width": 1280,
            "height": 720,
            "input": false,
            "minFrameDuration": 33333333
          },
          {
            "format": 34,
            "width": 1024,
            "height": 768,
            "input": false,
            "minFrameDuration": 33333333
          },
          {
            "format": 34,
            "width": 800,
            "height": 400,
            "input": false,
            "minFrameDuration": 33333333
          },
          {
            "format": 34,
            "width": 800,
            "height": 600,
            "input": false,
            "minFrameDuration": 33333333
          },
          {
            "format": 34,
            "width": 800,
            "height": 480,
            "input": false,
            "minFrameDuration": 33333333
          },
          {
            "format": 34,
            "width": 720,
            "height": 480,
            "input": false,
            "minFrameDuration": 33333333
          },
          {
            "format": 34,
            "width": 640,
            "height": 400,
            "input": false,
            "minFrameDuration": 33333333
          },
          {
            "format": 34,
            "width": 640,
            "height": 480,
            "input": false,
            "minFrameDuration": 33333333
          },
          {
            "format": 34,
            "width": 640,
            "height": 360,
            "input": false,
            "minFrameDuration": 33333333
          },
          {
            "format": 34,
            "width": 352,
            "height": 288,
            "input": false,
            "minFrameDuration": 33333333
          },
          {
            "format": 34,
            "width": 320,
            "height": 240,
            "input": false,
            "minFrameDuration": 33333333
          },
          {
            "format": 34,
            "width": 176,
            "height": 144,
            "input": false,
            "minFrameDuration": 33333333
          },
          {
            "format": 34,
            "width": 160,
            "height": 120,
            "input": false,
            "minFrameDuration": 33333333
          },
          {
            "format": 35,
            "width": 3264,
            "height": 2448,
            "input": false,
            "minFrameDuration": 33333333
          },
          {
            "format": 35,
            "width": 3200,
            "height": 2400,
            "input": false,
            "minFrameDuration": 33333333
          },
          {
            "format": 35,
            "width": 2688,
            "height": 1512,
            "input": false,
            "minFrameDuration": 33333333
          },
          {
            "format": 35,
            "width": 2592,
            "height": 1944,
            "input": false,
            "minFrameDuration": 33333333
          },
          {
            "format": 35,
            "width": 2560,
            "height": 1280,
            "input": false,
            "minFrameDuration": 33333333
          },
          {
            "format": 35,
            "width": 2048,
            "height": 1536,
            "input": false,
            "minFrameDuration": 33333333
          },
          {
            "format": 35,
            "width": 1920,
            "height": 1440,
            "input": false,
            "minFrameDuration": 33333333
          },
          {
            "format": 35,
            "width": 1920,
            "height": 1080,
            "input": false,
            "minFrameDuration": 33333333
          },
          {
            "format": 35,
            "width": 1600,
            "height": 1200,
            "input": false,
            "minFrameDuration": 33333333
          },
          {
            "format": 35,
            "width": 1920,
            "height": 960,
            "input": false,
            "minFrameDuration": 33333333
          },
          {
            "format": 35,
            "width": 1280,
            "height": 960,
            "input": false,
            "minFrameDuration": 33333333
          },
          {
            "format": 35,
            "width": 1280,
            "height": 768,
            "input": false,
            "minFrameDuration": 33333333
          },
          {
            "format": 35,
            "width": 1280,
            "height": 720,
            "input": false,
            "minFrameDuration": 33333333
          },
          {
            "format": 35,
            "width": 1024,
            "height": 768,
            "input": false,
            "minFrameDuration": 33333333
          },
          {
            "format": 35,
            "width": 800,
            "height": 400,
            "input": false,
            "minFrameDuration": 33333333
          },
          {
            "format": 35,
            "width": 800,
            "height": 600,
            "input": false,
            "minFrameDuration": 33333333
          },
          {
            "format": 35,
            "width": 800,
            "height": 480,
            "input": false,
            "minFrameDuration": 33333333
          },
          {
            "format": 35,
            "width": 720,
            "height": 480,
            "input": false,
            "minFrameDuration": 33333333
          },
          {
            "format": 35,
            "width": 640,
            "height": 400,
            "input": false,
            "minFrameDuration": 33333333
          },
          {
            "format": 35,
            "width": 640,
            "height": 480,
            "input": false,
            "minFrameDuration": 33333333
          },
          {
            "format": 35,
            "width": 640,
            "height": 360,
            "input": false,
            "minFrameDuration": 33333333
          },
          {
            "format": 35,
            "width": 352,
            "height": 288,
            "input": false,
            "minFrameDuration": 33333333
          },
          {
            "format": 35,
            "width": 320,
            "height": 240,
            "input": false,
            "minFrameDuration": 33333333
          },
          {
            "format": 35,
            "width": 176,
            "height": 144,
            "input": false,
            "minFrameDuration": 33333333
          },
          {
            "format": 35,
            "width": 160,
            "height": 120,
            "input": false,
            "minFrameDuration": 33333333
          },
          {
            "format": 36,
            "width": 3280,
            "height": 2464,
            "input": false,
            "minFrameDuration": 33304186
          },
          {
            "format": 37,
            "width": 3280,
            "height": 2464,
            "input": false,
            "minFrameDuration": 33304186
          }
        ]
      },
      "android_sensor_availableTestPatternModes": [
        0,
        1,
        2,
        3,
        4
      ],
      "android_sensor_blackLevelPattern": {
        "black_level_pattern": [
          64,
          64,
          64,
          64
        ]
      },
      "android_sensor_info_activeArraySize": {
        "left": 0,
        "right": 3280,
        "top": 0,
        "bottom": 2464
      },
      "android_sensor_info_colorFilterArrangement": 3,
      "android_sensor_info_exposureTimeRange": {
        "lower": 17654,
        "upper": 835443750
      },
      "android_sensor_info_lensShadingApplied": true,
      "android_sensor_info_maxFrameDuration": 835571250,
      "android_sensor_info_physicalSize": {
        "width": 3.6735999584198,
        "height": 2.7596800327301025
      },
      "android_sensor_info_pixelArraySize": {
        "width": 3280,
        "height": 2464
      },
      "android_sensor_info_preCorrectionActiveArraySize": {
        "left": 0,
        "right": 3280,
        "top": 0,
        "bottom": 2464
      },
      "android_sensor_info_sensitivityRange": {
        "lower": 43,
        "upper": 11130
      },
      "android_sensor_info_timestampSource": 1,
      "android_sensor_info_whiteLevel": 1023,
      "android_sensor_maxAnalogSensitivity": 695,
      "android_sensor_orientation": 270,
      "android_shading_availableModes": [
        0,
        1,
        2
      ],
      "android_statistics_info_availableFaceDetectModes": [
        0,
        1,
        2
      ],
      "android_statistics_info_availableHotPixelMapModes": [
        false,
        true
      ],
      "android_statistics_info_availableLensShadingMapModes": [
        0,
        1
      ],
      "android_statistics_info_availableOisDataModes": [
        0
      ],
      "android_statistics_info_maxFaceCount": 10,
      "android_sync_maxLatency": 0,
      "android_tonemap_availableToneMapModes": [
        0,
        1,
        2
      ],
      "android_tonemap_maxCurvePoints": 64
    },
    {
      "cameraId": "2",
      "android_colorCorrection_availableAberrationModes": [
        0,
        1,
        2
      ],
      "android_control_aeAvailableAntibandingModes": [
        0,
        1,
        2,
        3
      ],
      "android_control_aeAvailableModes": [
        0,
        1,
        5
      ],
      "android_control_aeAvailableTargetFpsRanges": [
        {
          "lower": 15,
          "upper": 15
        },
        {
          "lower": 7,
          "upper": 30
        },
        {
          "lower": 15,
          "upper": 30
        },
        {
          "lower": 30,
          "upper": 30
        }
      ],
      "android_control_aeCompensationRange": {
        "lower": -24,
        "upper": 24
      },
      "android_control_aeCompensationStep": {
        "numerator": 1,
        "denominator": 6
      },
      "android_control_aeLockAvailable": true,
      "android_control_afAvailableModes": [
        0,
        1,
        2,
        3,
        4
      ],
      "android_control_availableEffects": [
        0
      ],
      "android_control_availableModes": [
        0,
        1,
        2
      ],
      "android_control_availableSceneModes": [
        0,
        1,
        2,
        3,
        4,
        5,
        6,
        7,
        8,
        9,
        10,
        12,
        13,
        14,
        15
      ],
      "android_control_availableVideoStabilizationModes": [
        0,
        1
      ],
      "android_control_awbAvailableModes": [
        1,
        2,
        3,
        4,
        5,
        6,
        7,
        8,
        0
      ],
      "android_control_awbLockAvailable": true,
      "android_control_maxRegionsAe": 1,
      "android_control_maxRegionsAf": 1,
      "android_control_maxRegionsAwb": 0,
      "android_control_postRawSensitivityBoostRange": {
        "lower": 100,
        "upper": 3199
      },
      "android_distortionCorrection_availableModes": [
        0,
        1,
        2
      ],
      "android_edge_availableEdgeModes": [
        1,
        2,
        0,
        3
      ],
      "android_flash_info_available": false,
      "android_hotPixel_availableHotPixelModes": [
        0,
        1,
        2
      ],
      "android_info_supportedHardwareLevel": 3,
      "android_jpeg_availableThumbnailSizes": [
        {
          "width": 0,
          "height": 0
        },
        {
          "width": 176,
          "height": 144
        },
        {
          "width": 240,
          "height": 144
        },
        {
          "width": 256,
          "height": 144
        },
        {
          "width": 240,
          "height": 160
        },
        {
          "width": 256,
          "height": 154
        },
        {
          "width": 240,
          "height": 240
        },
        {
          "width": 320,
          "height": 240
        }
      ],
      "android_lens_facing": 0,
      "android_lens_info_availableApertures": [
        1.7999999523162842
      ],
      "android_lens_info_availableFilterDensities": [
        0.0
      ],
      "android_lens_info_availableFocalLengths": [
        2.9700000286102295
      ],
      "android_lens_info_availableOpticalStabilization": [
        0
      ],
      "android_lens_info_focusDistanceCalibration": 2,
      "android_noiseReduction_availableNoiseReductionModes": [
        0,
        1,
        2,
        3,
        4
      ],
      "android_reprocess_maxCaptureStall": 2,
      "android_request_availableCapabilities": [
        0,
        3,
        7,
        4,
        5,
        1,
        6,
        2
      ],
      "android_request_maxNumInputStreams": 1,
      "android_request_maxNumOutputProc": 3,
      "android_request_maxNumOutputProcStalling": 2,
      "android_request_maxNumOutputRaw": 1,
      "android_request_partialResultCount": 1,
      "android_request_pipelineMaxDepth": 8,
      "android_scaler_availableMaxDigitalZoom": 7.0,
      "android_scaler_availableRotateAndCropModes": [
        0
      ],
      "android_scaler_croppingType": 0,
      "android_scaler_streamConfigurationMap": {
        "availableStreamConfigurations": [
          {
            "format": 32,
            "width": 3280,
            "height": 2464,
            "input": false,
            "minFrameDuration": 33304186
          },
          {
            "format": 256,
            "width": 3264,
            "height": 2448,
            "input": false,
            "minFrameDuration": 33333333
          },
          {
            "format": 256,
            "width": 3200,
            "height": 2400,
            "input": false,
            "minFrameDuration": 33333333
          },
          {
            "format": 256,
            "width": 2688,
            "height": 1512,
            "input": false,
            "minFrameDuration": 33333333
          },
          {
            "format": 256,
            "width": 2592,
            "height": 1944,
            "input": false,
            "minFrameDuration": 33333333
          },
          {
            "format": 256,
            "width": 2560,
            "height": 1280,
            "input": false,
            "minFrameDuration": 33333333
          },
          {
            "format": 256,
            "width": 2048,
            "height": 1536,
            "input": false,
            "minFrameDuration": 33333333
          },
          {
            "format": 256,
            "width": 1920,
            "height": 1440,
            "input": false,
            "minFrameDuration": 33333333
          },
          {
            "format": 256,
            "width": 1920,
            "height": 1080,
            "input": false,
            "minFrameDuration": 33333333
          },
          {
            "format": 256,
            "width": 1600,
            "height": 1200,
            "input": false,
            "minFrameDuration": 33333333
          },
          {
            "format": 256,
            "width": 1920,
            "height": 960,
            "input": false,
            "minFrameDuration": 33333333
          },
          {
            "format": 256,
            "width": 1280,
            "height": 960,
            "input": false,
            "minFrameDuration": 33333333
          },
          {
            "format": 256,
            "width": 1280,
            "height": 768,
            "input": false,
            "minFrameDuration": 33333333
          },
          {
            "format": 256,
            "width": 1280,
            "height": 720,
            "input": false,
            "minFrameDuration": 33333333
          },
          {
            "format": 256,
            "width": 1024,
            "height": 768,
            "input": false,
            "minFrameDuration": 33333333
          },
          {
            "format": 256,
            "width": 800,
            "height": 400,
            "input": false,
            "minFrameDuration": 33333333
          },
          {
            "format": 256,
            "width": 800,
            "height": 600,
            "input": false,
            "minFrameDuration": 33333333
          },
          {
            "format": 256,
            "width": 800,
            "height": 480,
            "input": false,
            "minFrameDuration": 33333333
          },
          {
            "format": 256,
            "width": 720,
            "height": 480,
            "input": false,
            "minFrameDuration": 33333333
          },
          {
            "format": 256,
            "width": 640,
            "height": 400,
            "input": false,
            "minFrameDuration": 33333333
          },
          {
            "format": 256,
            "width": 640,
            "height": 480,
            "input": false,
            "minFrameDuration": 33333333
          },
          {
            "format": 256,
            "width": 640,
            "height": 360,
            "input": false,
            "minFrameDuration": 33333333
          },
          {
            "format": 256,
            "width": 352,
            "height": 288,
            "input": false,
            "minFrameDuration": 33333333
          },
          {
            "format": 256,
            "width": 320,
            "height": 240,
            "input": false,
            "minFrameDuration": 33333333
          },
          {
            "format": 256,
            "width": 176,
            "height": 144,
            "input": false,
            "minFrameDuration": 33333333
          },
          {
            "format": 34,
            "width": 3264,
            "height": 2448,
            "input": false,
            "minFrameDuration": 33333333
          },
          {
            "format": 34,
            "width": 3200,
            "height": 2400,
            "input": false,
            "minFrameDuration": 33333333
          },
          {
            "format": 34,
            "width": 2688,
            "height": 1512,
            "input": false,
            "minFrameDuration": 33333333
          },
          {
            "format": 34,
            "width": 2592,
            "height": 1944,
            "input": false,
            "minFrameDuration": 33333333
          },
          {
            "format": 34,
            "width": 2560,
            "height": 1280,
            "input": false,
            "minFrameDuration": 33333333
          },
          {
            "format": 34,
            "width": 2048,
            "height": 1536,
            "input": false,
            "minFrameDuration": 33333333
          },
          {
            "format": 34,
            "width": 1920,
            "height": 1440,
            "input": false,
            "minFrameDuration": 33333333
          },
          {
            "format": 34,
            "width": 1920,
            "height": 1080,
            "input": false,
            "minFrameDuration": 33333333
          },
          {
            "format": 34,
            "width": 1600,
            "height": 1200,
            "input": false,
            "minFrameDuration": 33333333
          },
          {
            "format": 34,
            "width": 1920,
            "height": 960,
            "input": false,
            "minFrameDuration": 33333333
          },
          {
            "format": 34,
            "width": 1280,
            "height": 960,
            "input": false,
            "minFrameDuration": 33333333
          },
          {
            "format": 34,
            "width": 1280,
            "height": 768,
            "input": false,
            "minFrameDuration": 33333333
          },
          {
            "format": 34,
            "width": 1280,
            "height": 720,
            "input": false,
            "minFrameDuration": 33333333
          },
          {
            "format": 34,
            "width": 1024,
            "height": 768,
            "input": false,
            "minFrameDuration": 33333333
          },
          {
            "format": 34,
            "width": 800,
            "height": 400,
            "input": false,
            "minFrameDuration": 33333333
          },
          {
            "format": 34,
            "width": 800,
            "height": 600,
            "input": false,
            "minFrameDuration": 33333333
          },
          {
            "format": 34,
            "width": 800,
            "height": 480,
            "input": false,
            "minFrameDuration": 33333333
          },
          {
            "format": 34,
            "width": 720,
            "height": 480,
            "input": false,
            "minFrameDuration": 33333333
          },
          {
            "format": 34,
            "width": 640,
            "height": 400,
            "input": false,
            "minFrameDuration": 33333333
          },
          {
            "format": 34,
            "width": 640,
            "height": 480,
            "input": false,
            "minFrameDuration": 33333333
          },
          {
            "format": 34,
            "width": 640,
            "height": 360,
            "input": false,
            "minFrameDuration": 33333333
          },
          {
            "format": 34,
            "width": 352,
            "height": 288,
            "input": false,
            "minFrameDuration": 33333333
          },
          {
            "format": 34,
            "width": 320,
            "height": 240,
            "input": false,
            "minFrameDuration": 33333333
          },
          {
            "format": 34,
            "width": 176,
            "height": 144,
            "input": false,
            "minFrameDuration": 33333333
          },
          {
            "format": 34,
            "width": 160,
            "height": 120,
            "input": false,
            "minFrameDuration": 33333333
          },
          {
            "format": 35,
            "width": 3264,
            "height": 2448,
            "input": false,
            "minFrameDuration": 33333333
          },
          {
            "format": 35,
            "width": 3200,
            "height": 2400,
            "input": false,
            "minFrameDuration": 33333333
          },
          {
            "format": 35,
            "width": 2688,
            "height": 1512,
            "input": false,
            "minFrameDuration": 33333333
          },
          {
            "format": 35,
            "width": 2592,
            "height": 1944,
            "input": false,
            "minFrameDuration": 33333333
          },
          {
            "format": 35,
            "width": 2560,
            "height": 1280,
            "input": false,
            "minFrameDuration": 33333333
          },
          {
            "format": 35,
            "width": 2048,
            "height": 1536,
            "input": false,
            "minFrameDuration": 33333333
          },
          {
            "format": 35,
            "width": 1920,
            "height": 1440,
            "input": false,
            "minFrameDuration": 33333333
          },
          {
            "format": 35,
            "width": 1920,
            "height": 1080,
            "input": false,
            "minFrameDuration": 33333333
          },
          {
            "format": 35,
            "width": 1600,
            "height": 1200,
            "input": false,
            "minFrameDuration": 33333333
          },
          {
            "format": 35,
            "width": 1920,
            "height": 960,
            "input": false,
            "minFrameDuration": 33333333
          },
          {
            "format": 35,
            "width": 1280,
            "height": 960,
            "input": false,
            "minFrameDuration": 33333333
          },
          {
            "format": 35,
            "width": 1280,
            "height": 768,
            "input": false,
            "minFrameDuration": 33333333
          },
          {
            "format": 35,
            "width": 1280,
            "height": 720,
            "input": false,
            "minFrameDuration": 33333333
          },
          {
            "format": 35,
            "width": 1024,
            "height": 768,
            "input": false,
            "minFrameDuration": 33333333
          },
          {
            "format": 35,
            "width": 800,
            "height": 400,
            "input": false,
            "minFrameDuration": 33333333
          },
          {
            "format": 35,
            "width": 800,
            "height": 600,
            "input": false,
            "minFrameDuration": 33333333
          },
          {
            "format": 35,
            "width": 800,
            "height": 480,
            "input": false,
            "minFrameDuration": 33333333
          },
          {
            "format": 35,
            "width": 720,
            "height": 480,
            "input": false,
            "minFrameDuration": 33333333
          },
          {
            "format": 35,
            "width": 640,
            "height": 400,
            "input": false,
            "minFrameDuration": 33333333
          },
          {
            "format": 35,
            "width": 640,
            "height": 480,
            "input": false,
            "minFrameDuration": 33333333
          },
          {
            "format": 35,
            "width": 640,
            "height": 360,
            "input": false,
            "minFrameDuration": 33333333
          },
          {
            "format": 35,
            "width": 352,
            "height": 288,
            "input": false,
            "minFrameDuration": 33333333
          },
          {
            "format": 35,
            "width": 320,
            "height": 240,
            "input": false,
            "minFrameDuration": 33333333
          },
          {
            "format": 35,
            "width": 176,
            "height": 144,
            "input": false,
            "minFrameDuration": 33333333
          },
          {
            "format": 35,
            "width": 160,
            "height": 120,
            "input": false,
            "minFrameDuration": 33333333
          },
          {
            "format": 36,
            "width": 3280,
            "height": 2464,
            "input": false,
            "minFrameDuration": 33304186
          },
          {
            "format": 37,
            "width": 3280,
            "height": 2464,
            "input": false,
            "minFrameDuration": 33304186
          }
        ],
        "availableInputConfigurations": [
          {
            "inputFormat": 34,
            "inputWidth": 3264,
            "inputHeight": 2448
          },
          {
            "inputFormat": 35,
            "inputWidth": 3264,
            "inputHeight": 2448
          }
        ],
        "availableInputOutputFormatsMap": [
          {
            "inputFormat": 34,
            "outputFormat": 35
          },
          {
            "inputFormat": 34,
            "outputFormat": 256
          },
          {
            "inputFormat": 35,
            "outputFormat": 35
          },
          {
            "inputFormat": 35,
            "outputFormat": 256
          }
        ]
      },
      "android_sensor_availableTestPatternModes": [
        0,
        1,
        2,
        3,
        4
      ],
      "android_sensor_blackLevelPattern": {
        "black_level_pattern": [
          64,
          64,
          64,
          64
        ]
      },
      "android_sensor_info_activeArraySize": {
        "left": 0,
        "right": 3280,
        "top": 0,
        "bottom": 2464
      },
      "android_sensor_info_colorFilterArrangement": 3,
      "android_sensor_info_exposureTimeRange": {
        "lower": 17654,
        "upper": 835443750
      },
      "android_sensor_info_lensShadingApplied": true,
      "android_sensor_info_maxFrameDuration": 835571250,
      "android_sensor_info_physicalSize": {
        "width": 3.6735999584198,
        "height": 2.7596800327301025
      },
      "android_sensor_info_pixelArraySize": {
        "width": 3280,
        "height": 2464
      },
      "android_sensor_info_preCorrectionActiveArraySize": {
        "left": 0,
        "right": 3280,
        "top": 0,
        "bottom": 2464
      },
      "android_sensor_info_sensitivityRange": {
        "lower": 43,
        "upper": 11130
      },
      "android_sensor_info_timestampSource": 1,
      "android_sensor_info_whiteLevel": 1023,
      "android_sensor_maxAnalogSensitivity": 695,
      "android_sensor_orientation": 270,
      "android_shading_availableModes": [
        0,
        1,
        2
      ],
      "android_statistics_info_availableFaceDetectModes": [
        0,
        1,
        2
      ],
      "android_statistics_info_availableHotPixelMapModes": [
        false,
        true
      ],
      "android_statistics_info_availableLensShadingMapModes": [
        0,
        1
      ],
      "android_statistics_info_availableOisDataModes": [
        0
      ],
      "android_statistics_info_maxFaceCount": 10,
      "android_sync_maxLatency": 0,
      "android_tonemap_availableToneMapModes": [
        0,
        1,
        2
      ],
      "android_tonemap_maxCurvePoints": 64
    },
    {
      "cameraId": "3",
      "android_colorCorrection_availableAberrationModes": [
        0,
        1,
        2
      ],
      "android_control_aeAvailableAntibandingModes": [
        0,
        1,
        2,
        3
      ],
      "android_control_aeAvailableModes": [
        0,
        1,
        5
      ],
      "android_control_aeAvailableTargetFpsRanges": [
        {
          "lower": 15,
          "upper": 15
        },
        {
          "lower": 7,
          "upper": 30
        },
        {
          "lower": 15,
          "upper": 30
        },
        {
          "lower": 30,
          "upper": 30
        }
      ],
      "android_control_aeCompensationRange": {
        "lower": -24,
        "upper": 24
      },
      "android_control_aeCompensationStep": {
        "numerator": 1,
        "denominator": 6
      },
      "android_control_aeLockAvailable": true,
      "android_control_afAvailableModes": [
        0
      ],
      "android_control_availableEffects": [
        0
      ],
      "android_control_availableModes": [
        0,
        1,
        2
      ],
      "android_control_availableSceneModes": [
        0,
        1,
        2,
        3,
        4,
        5,
        6,
        7,
        8,
        9,
        10,
        12,
        13,
        14,
        15
      ],
      "android_control_availableVideoStabilizationModes": [
        0,
        1
      ],
      "android_control_awbAvailableModes": [
        1,
        2,
        3,
        4,
        5,
        6,
        7,
        8,
        0
      ],
      "android_control_awbLockAvailable": true,
      "android_control_maxRegionsAe": 1,
      "android_control_maxRegionsAf": 0,
      "android_control_maxRegionsAwb": 0,
      "android_control_postRawSensitivityBoostRange": {
        "lower": 100,
        "upper": 3199
      },
      "android_distortionCorrection_availableModes": [
        0,
        1,
        2
      ],
      "android_edge_availableEdgeModes": [
        1,
        2,
        0,
        3
      ],
      "android_flash_info_available": false,
      "android_hotPixel_availableHotPixelModes": [
        0,
        1,
        2
      ],
      "android_info_supportedHardwareLevel": 3,
      "android_jpeg_availableThumbnailSizes": [
        {
          "width": 0,
          "height": 0
        },
        {
          "width": 176,
          "height": 144
        },
        {
          "width": 240,
          "height": 144
        },
        {
          "width": 256,
          "height": 144
        },
        {
          "width": 240,
          "height": 160
        },
        {
          "width": 256,
          "height": 154
        },
        {
          "width": 240,
          "height": 240
        },
        {
          "width": 320,
          "height": 240
        }
      ],
      "android_lens_facing": 0,
      "android_lens_info_availableApertures": [
        2.200000047683716
      ],
      "android_lens_info_availableFilterDensities": [
        0.0
      ],
      "android_lens_info_availableFocalLengths": [
        2.0299999713897705
      ],
      "android_lens_info_availableOpticalStabilization": [
        0
      ],
      "android_lens_info_focusDistanceCalibration": 0,
      "android_noiseReduction_availableNoiseReductionModes": [
        0,
        1,
        2,
        3,
        4
      ],
      "android_reprocess_maxCaptureStall": 2,
      "android_request_availableCapabilities": [
        0,
        3,
        7,
        4,
        5,
        1,
        6,
        2
      ],
      "android_request_maxNumInputStreams": 1,
      "android_request_maxNumOutputProc": 3,
      "android_request_maxNumOutputProcStalling": 2,
      "android_request_maxNumOutputRaw": 1,
      "android_request_partialResultCount": 1,
      "android_request_pipelineMaxDepth": 8,
      "android_scaler_availableMaxDigitalZoom": 7.0,
      "android_scaler_availableRotateAndCropModes": [
        0
      ],
      "android_scaler_croppingType": 0,
      "android_scaler_streamConfigurationMap": {
        "availableStreamConfigurations": [
          {
            "format": 32,
            "width": 3280,
            "height": 2464,
            "input": false,
            "minFrameDuration": 33304186
          },
          {
            "format": 256,
            "width": 3264,
            "height": 2448,
            "input": false,
            "minFrameDuration": 33333333
          },
          {
            "format": 256,
            "width": 3200,
            "height": 2400,
            "input": false,
            "minFrameDuration": 33333333
          },
          {
            "format": 256,
            "width": 2688,
            "height": 1512,
            "input": false,
            "minFrameDuration": 33333333
          },
          {
            "format": 256,
            "width": 2592,
            "height": 1944,
            "input": false,
            "minFrameDuration": 33333333
          },
          {
            "format": 256,
            "width": 2560,
            "height": 1280,
            "input": false,
            "minFrameDuration": 33333333
          },
          {
            "format": 256,
            "width": 2048,
            "height": 1536,
            "input": false,
            "minFrameDuration": 33333333
          },
          {
            "format": 256,
            "width": 1920,
            "height": 1440,
            "input": false,
            "minFrameDuration": 33333333
          },
          {
            "format": 256,
            "width": 1920,
            "height": 1080,
            "input": false,
            "minFrameDuration": 33333333
          },
          {
            "format": 256,
            "width": 1600,
            "height": 1200,
            "input": false,
            "minFrameDuration": 33333333
          },
          {
            "format": 256,
            "width": 1920,
            "height": 960,
            "input": false,
            "minFrameDuration": 33333333
          },
          {
            "format": 256,
            "width": 1280,
            "height": 960,
            "input": false,
            "minFrameDuration": 33333333
          },
          {
            "format": 256,
            "width": 1280,
            "height": 768,
            "input": false,
            "minFrameDuration": 33333333
          },
          {
            "format": 256,
            "width": 1280,
            "height": 720,
            "input": false,
            "minFrameDuration": 33333333
          },
          {
            "format": 256,
            "width": 1024,
            "height": 768,
            "input": false,
            "minFrameDuration": 33333333
          },
          {
            "format": 256,
            "width": 800,
            "height": 400,
            "input": false,
            "minFrameDuration": 33333333
          },
          {
            "format": 256,
            "width": 800,
            "height": 600,
            "input": false,
            "minFrameDuration": 33333333
          },
          {
            "format": 256,
            "width": 800,
            "height": 480,
            "input": false,
            "minFrameDuration": 33333333
          },
          {
            "format": 256,
            "width": 720,
            "height": 480,
            "input": false,
            "minFrameDuration": 33333333
          },
          {
            "format": 256,
            "width": 640,
            "height": 400,
            "input": false,
            "minFrameDuration": 33333333
          },
          {
            "format": 256,
            "width": 640,
            "height": 480,
            "input": false,
            "minFrameDuration": 33333333
          },
          {
            "format": 256,
            "width": 640,
            "height": 360,
            "input": false,
            "minFrameDuration": 33333333
          },
          {
            "format": 256,
            "width": 352,
            "height": 288,
            "input": false,
            "minFrameDuration": 33333333
          },
          {
            "format": 256,
            "width": 320,
            "height": 240,
            "input": false,
            "minFrameDuration": 33333333
          },
          {
            "format": 256,
            "width": 176,
            "height": 144,
            "input": false,
            "minFrameDuration": 33333333
          },
          {
            "format": 34,
            "width": 3264,
            "height": 2448,
            "input": false,
            "minFrameDuration": 33333333
          },
          {
            "format": 34,
            "width": 3200,
            "height": 2400,
            "input": false,
            "minFrameDuration": 33333333
          },
          {
            "format": 34,
            "width": 2688,
            "height": 1512,
            "input": false,
            "minFrameDuration": 33333333
          },
          {
            "format": 34,
            "width": 2592,
            "height": 1944,
            "input": false,
            "minFrameDuration": 33333333
          },
          {
            "format": 34,
            "width": 2560,
            "height": 1280,
            "input": false,
            "minFrameDuration": 33333333
          },
          {
            "format": 34,
            "width": 2048,
            "height": 1536,
            "input": false,
            "minFrameDuration": 33333333
          },
          {
            "format": 34,
            "width": 1920,
            "height": 1440,
            "input": false,
            "minFrameDuration": 33333333
          },
          {
            "format": 34,
            "width": 1920,
            "height": 1080,
            "input": false,
            "minFrameDuration": 33333333
          },
          {
            "format": 34,
            "width": 1600,
            "height": 1200,
            "input": false,
            "minFrameDuration": 33333333
          },
          {
            "format": 34,
            "width": 1920,
            "height": 960,
            "input": false,
            "minFrameDuration": 33333333
          },
          {
            "format": 34,
            "width": 1280,
            "height": 960,
            "input": false,
            "minFrameDuration": 33333333
          },
          {
            "format": 34,
            "width": 1280,
            "height": 768,
            "input": false,
            "minFrameDuration": 33333333
          },
          {
            "format": 34,
            "width": 1280,
            "height": 720,
            "input": false,
            "minFrameDuration": 33333333
          },
          {
            "format": 34,
            "width": 1024,
            "height": 768,
            "input": false,
            "minFrameDuration": 33333333
          },
          {
            "format": 34,
            "width": 800,
            "height": 400,
            "input": false,
            "minFrameDuration": 33333333
          },
          {
            "format": 34,
            "width": 800,
            "height": 600,
            "input": false,
            "minFrameDuration": 33333333
          },
          {
            "format": 34,
            "width": 800,
            "height": 480,
            "input": false,
            "minFrameDuration": 33333333
          },
          {
            "format": 34,
            "width": 720,
            "height": 480,
            "input": false,
            "minFrameDuration": 33333333
          },
          {
            "format": 34,
            "width": 640,
            "height": 400,
            "input": false,
            "minFrameDuration": 33333333
          },
          {
            "format": 34,
            "width": 640,
            "height": 480,
            "input": false,
            "minFrameDuration": 33333333
          },
          {
            "format": 34,
            "width": 640,
            "height": 360,
            "input": false,
            "minFrameDuration": 33333333
          },
          {
            "format": 34,
            "width": 352,
            "height": 288,
            "input": false,
            "minFrameDuration": 33333333
          },
          {
            "format": 34,
            "width": 320,
            "height": 240,
            "input": false,
            "minFrameDuration": 33333333
          },
          {
            "format": 34,
            "width": 176,
            "height": 144,
            "input": false,
            "minFrameDuration": 33333333
          },
          {
            "format": 34,
            "width": 160,
            "height": 120,
            "input": false,
            "minFrameDuration": 33333333
          },
          {
            "format": 35,
            "width": 3264,
            "height": 2448,
            "input": false,
            "minFrameDuration": 33333333
          },
          {
            "format": 35,
            "width": 3200,
            "height": 2400,
            "input": false,
            "minFrameDuration": 33333333
          },
          {
            "format": 35,
            "width": 2688,
            "height": 1512,
            "input": false,
            "minFrameDuration": 33333333
          },
          {
            "format": 35,
            "width": 2592,
            "height": 1944,
            "input": false,
            "minFrameDuration": 33333333
          },
          {
            "format": 35,
            "width": 2560,
            "height": 1280,
            "input": false,
            "minFrameDuration": 33333333
          },
          {
            "format": 35,
            "width": 2048,
            "height": 1536,
            "input": false,
            "minFrameDuration": 33333333
          },
          {
            "format": 35,
            "width": 1920,
            "height": 1440,
            "input": false,
            "minFrameDuration": 33333333
          },
          {
            "format": 35,
            "width": 1920,
            "height": 1080,
            "input": false,
            "minFrameDuration": 33333333
          },
          {
            "format": 35,
            "width": 1600,
            "height": 1200,
            "input": false,
            "minFrameDuration": 33333333
          },
          {
            "format": 35,
            "width": 1920,
            "height": 960,
            "input": false,
            "minFrameDuration": 33333333
          },
          {
            "format": 35,
            "width": 1280,
            "height": 960,
            "input": false,
            "minFrameDuration": 33333333
          },
          {
            "format": 35,
            "width": 1280,
            "height": 768,
            "input": false,
            "minFrameDuration": 33333333
          },
          {
            "format": 35,
            "width": 1280,
            "height": 720,
            "input": false,
            "minFrameDuration": 33333333
          },
          {
            "format": 35,
            "width": 1024,
            "height": 768,
            "input": false,
            "minFrameDuration": 33333333
          },
          {
            "format": 35,
            "width": 800,
            "height": 400,
            "input": false,
            "minFrameDuration": 33333333
          },
          {
            "format": 35,
            "width": 800,
            "height": 600,
            "input": false,
            "minFrameDuration": 33333333
          },
          {
            "format": 35,
            "width": 800,
            "height": 480,
            "input": false,
            "minFrameDuration": 33333333
          },
          {
            "format": 35,
            "width": 720,
            "height": 480,
            "input": false,
            "minFrameDuration": 33333333
          },
          {
            "format": 35,
            "width": 640,
            "height": 400,
            "input": false,
            "minFrameDuration": 33333333
          },
          {
            "format": 35,
            "width": 640,
            "height": 480,
            "input": false,
            "minFrameDuration": 33333333
          },
          {
            "format": 35,
            "width": 640,
            "height": 360,
            "input": false,
            "minFrameDuration": 33333333
          },
          {
            "format": 35,
            "width": 352,
            "height": 288,
            "input": false,
            "minFrameDuration": 33333333
          },
          {
            "format": 35,
            "width": 320,
            "height": 240,
            "input": false,
            "minFrameDuration": 33333333
          },
          {
            "format": 35,
            "width": 176,
            "height": 144,
            "input": false,
            "minFrameDuration": 33333333
          },
          {
            "format": 35,
            "width": 160,
            "height": 120,
            "input": false,
            "minFrameDuration": 33333333
          },
          {
            "format": 36,
            "width": 3280,
            "height": 2464,
            "input": false,
            "minFrameDuration": 33304186
          },
          {
            "format": 37,
            "width": 3280,
            "height": 2464,
            "input": false,
            "minFrameDuration": 33304186
          }
        ],
        "availableInputConfigurations": [
          {
            "inputFormat": 34,
            "inputWidth": 3264,
            "inputHeight": 2448
          },
          {
            "inputFormat": 35,
            "inputWidth": 3264,
            "inputHeight": 2448
          }
        ],
        "availableInputOutputFormatsMap": [
          {
            "inputFormat": 34,
            "outputFormat": 35
          },
          {
            "inputFormat": 34,
            "outputFormat": 256
          },
          {
            "inputFormat": 35,
            "outputFormat": 35
          },
          {
            "inputFormat": 35,
            "outputFormat": 256
          }
        ]
      },
      "android_sensor_availableTestPatternModes": [
        0,
        1,
        2,
        3,
        4
      ],
      "android_sensor_blackLevelPattern": {
        "black_level_pattern": [
          64,
          64,
          64,
          64
        ]
      },
      "android_sensor_info_activeArraySize": {
        "left": 0,
        "right": 3278,
        "top": 9,
        "bottom": 2458
      },
      "android_sensor_info_colorFilterArrangement": 3,
      "android_sensor_info_exposureTimeRange": {
        "lower": 17654,
        "upper": 835443750
      },
      "android_sensor_info_lensShadingApplied": true,
      "android_sensor_info_maxFrameDuration": 835571250,
      "android_sensor_info_physicalSize": {
        "width": 3.6735999584198,
        "height": 2.7596800327301025
      },
      "android_sensor_info_pixelArraySize": {
        "width": 3280,
        "height": 2464
      },
      "android_sensor_info_preCorrectionActiveArraySize": {
        "left": 0,
        "right": 3280,
        "top": 0,
        "bottom": 2464
      },
      "android_sensor_info_sensitivityRange": {
        "lower": 43,
        "upper": 11130
      },
      "android_sensor_info_timestampSource": 1,
      "android_sensor_info_whiteLevel": 1023,
      "android_sensor_maxAnalogSensitivity": 695,
      "android_sensor_orientation": 270,
      "android_shading_availableModes": [
        0,
        1,
        2
      ],
      "android_statistics_info_availableFaceDetectModes": [
        0,
        1,
        2
      ],
      "android_statistics_info_availableHotPixelMapModes": [
        false,
        true
      ],
      "android_statistics_info_availableLensShadingMapModes": [
        0,
        1
      ],
      "android_statistics_info_availableOisDataModes": [
        0
      ],
      "android_statistics_info_maxFaceCount": 10,
      "android_sync_maxLatency": 0,
      "android_tonemap_availableToneMapModes": [
        0,
        1,
        2
      ],
      "android_tonemap_maxCurvePoints": 64
    }
  ]
}