{
  "build_id": "SP1A.210812.016.A1",
  "build_product": "aosp_blueline",
  "build_device": "blueline",
  "build_board": "blueline",
  "build_manufacturer": "Google",
  "build_brand": "Android",
  "build_model": "AOSP on blueline",
  "build_type": "userdebug",
  "build_fingerprint": "Android/aosp_blueline/blueline:12/SP1A.210812.016.A1/eng.youmeh.20211124.220925:userdebug/test-keys",
  "build_abi": "arm64-v8a",
  "build_abi2": "",
  "build_serial": "89GX09TF8",
  "build_version_release": "12",
  "build_version_sdk": "31",
  "build_reference_fingerprint": "",
  "build_abis": "arm64-v8a,armeabi-v7a,armeabi",
  "build_abis_32": "armeabi-v7a,armeabi",
  "build_abis_64": "arm64-v8a",
  "build_version_base_os": "",
  "build_version_security_patch": "2021-10-05"
}