{
  "sensor": [
    {
      "reporting_mode": 0,
      "name": "BMI160 Accelerometer",
      "vendor": "BOSCH",
      "type": 1,
      "version": 1,
      "maximum_range": 156.99008178710938,
      "resolution": 0.00479095708578825,
      "power": 0.18000000715255737,
      "min_delay": 2500,
      "fifo_reserved_event_count": 3000,
      "fifo_max_event_count": 10000,
      "string_type": "android.sensor.accelerometer",
      "id": 0,
      "max_delay": 1000000,
      "is_wake_up_sensor": false,
      "is_dynamic_sensor": false,
      "is_additional_info_supported": false,
      "highest_direct_report_rate_level": 3,
      "supported_direct_channel_type": [
        2
      ]
    },
    {
      "reporting_mode": 0,
      "name": "LIS2MDL Magnetometer",
      "vendor": "STMicro",
      "type": 2,
      "version": 262,
      "maximum_range": 4915.2001953125,
      "resolution": 0.10000000149011612,
      "power": 0.20000000298023224,
      "min_delay": 10000,
      "fifo_reserved_event_count": 600,
      "fifo_max_event_count": 10000,
      "string_type": "android.sensor.magnetic_field",
      "id": 0,
      "max_delay": 1000000,
      "is_wake_up_sensor": false,
      "is_dynamic_sensor": false,
      "is_additional_info_supported": false,
      "highest_direct_report_rate_level": 1,
      "supported_direct_channel_type": [
        2
      ]
    },
    {
      "reporting_mode": 0,
      "name": "BMI160 Gyroscope",
      "vendor": "BOSCH",
      "type": 4,
      "version": 1,
      "maximum_range": 34.90655517578125,
      "resolution": 0.0010652635246515274,
      "power": 0.8999999761581421,
      "min_delay": 2500,
      "fifo_reserved_event_count": 0,
      "fifo_max_event_count": 10000,
      "string_type": "android.sensor.gyroscope",
      "id": 0,
      "max_delay": 1000000,
      "is_wake_up_sensor": false,
      "is_dynamic_sensor": false,
      "is_additional_info_supported": false,
      "highest_direct_report_rate_level": 3,
      "supported_direct_channel_type": [
        2
      ]
    },
    {
      "reporting_mode": 1,
      "name": "TMD2725 Ambient Light",
      "vendor": "AMS",
      "type": 5,
      "version": 1,
      "maximum_range": 1.0,
      "resolution": 0.0010000000474974513,
      "power": 0.0010000000474974513,
      "min_delay": 0,
      "fifo_reserved_event_count": 0,
      "fifo_max_event_count": 10000,
      "string_type": "android.sensor.light",
      "id": 0,
      "max_delay": 0,
      "is_wake_up_sensor": false,
      "is_dynamic_sensor": false,
      "is_additional_info_supported": false,
      "highest_direct_report_rate_level": 0,
      "supported_direct_channel_type": []
    },
    {
      "reporting_mode": 0,
      "name": "BMP380 Barometer",
      "vendor": "Bosch",
      "type": 6,
      "version": 8709,
      "maximum_range": 1249.999755859375,
      "resolution": 0.0017000000225380063,
      "power": 0.699999988079071,
      "min_delay": 40000,
      "fifo_reserved_event_count": 300,
      "fifo_max_event_count": 10000,
      "string_type": "android.sensor.pressure",
      "id": 0,
      "max_delay": 1000000,
      "is_wake_up_sensor": false,
      "is_dynamic_sensor": false,
      "is_additional_info_supported": false,
      "highest_direct_report_rate_level": 0,
      "supported_direct_channel_type": []
    },
    {
      "reporting_mode": 1,
      "name": "TMD2725 Proximity (wake-up)",
      "vendor": "AMS",
      "type": 8,
      "version": 1,
      "maximum_range": 5.0,
      "resolution": 0.10000000149011612,
      "power": 0.0010000000474974513,
      "min_delay": 0,
      "fifo_reserved_event_count": 300,
      "fifo_max_event_count": 10000,
      "string_type": "android.sensor.proximity",
      "id": 0,
      "max_delay": 0,
      "is_wake_up_sensor": true,
      "is_dynamic_sensor": false,
      "is_additional_info_supported": false,
      "highest_direct_report_rate_level": 0,
      "supported_direct_channel_type": []
    },
    {
      "reporting_mode": 0,
      "name": "LIS2MDL Magnetometer Uncalibrated",
      "vendor": "STMicro",
      "type": 14,
      "version": 262,
      "maximum_range": 4915.2001953125,
      "resolution": 0.10000000149011612,
      "power": 0.20000000298023224,
      "min_delay": 10000,
      "fifo_reserved_event_count": 600,
      "fifo_max_event_count": 10000,
      "string_type": "android.sensor.magnetic_field_uncalibrated",
      "id": 0,
      "max_delay": 1000000,
      "is_wake_up_sensor": false,
      "is_dynamic_sensor": false,
      "is_additional_info_supported": false,
      "highest_direct_report_rate_level": 1,
      "supported_direct_channel_type": [
        2
      ]
    },
    {
      "reporting_mode": 0,
      "name": "BMI160 Gyroscope Uncalibrated",
      "vendor": "BOSCH",
      "type": 16,
      "version": 1,
      "maximum_range": 34.90655517578125,
      "resolution": 0.0010652635246515274,
      "power": 0.8999999761581421,
      "min_delay": 2500,
      "fifo_reserved_event_count": 0,
      "fifo_max_event_count": 10000,
      "string_type": "android.sensor.gyroscope_uncalibrated",
      "id": 0,
      "max_delay": 1000000,
      "is_wake_up_sensor": false,
      "is_dynamic_sensor": false,
      "is_additional_info_supported": false,
      "highest_direct_report_rate_level": 3,
      "supported_direct_channel_type": [
        2
      ]
    },
    {
      "reporting_mode": 0,
      "name": "BMI160 Accelerometer Uncalibrated",
      "vendor": "BOSCH",
      "type": 35,
      "version": 1,
      "maximum_range": 156.99008178710938,
      "resolution": 0.00479095708578825,
      "power": 0.18000000715255737,
      "min_delay": 2500,
      "fifo_reserved_event_count": 3000,
      "fifo_max_event_count": 10000,
      "string_type": "android.sensor.accelerometer_uncalibrated",
      "id": 0,
      "max_delay": 1000000,
      "is_wake_up_sensor": false,
      "is_dynamic_sensor": false,
      "is_additional_info_supported": false,
      "highest_direct_report_rate_level": 3,
      "supported_direct_channel_type": [
        2
      ]
    },
    {
      "reporting_mode": 0,
      "name": "MAX11261",
      "vendor": "Maxim",
      "type": 33172001,
      "version": 1,
      "maximum_range": 1.0,
      "resolution": 0.10000000149011612,
      "power": 0.0010000000474974513,
      "min_delay": 10000,
      "fifo_reserved_event_count": 0,
      "fifo_max_event_count": 10000,
      "string_type": "com.google.sensor.elmyra.raw",
      "id": 0,
      "max_delay": 1000000,
      "is_wake_up_sensor": false,
      "is_dynamic_sensor": false,
      "is_additional_info_supported": false,
      "highest_direct_report_rate_level": 0,
      "supported_direct_channel_type": []
    },
    {
      "reporting_mode": 0,
      "name": "BMI160 Temperature",
      "vendor": "BOSCH",
      "type": 33172002,
      "version": 1,
      "maximum_range": 1.0,
      "resolution": 0.10000000149011612,
      "power": 0.18000000715255737,
      "min_delay": 200000,
      "fifo_reserved_event_count": 0,
      "fifo_max_event_count": 10000,
      "string_type": "com.google.sensor.gyro_temperature",
      "id": 0,
      "max_delay": 1000000,
      "is_wake_up_sensor": false,
      "is_dynamic_sensor": false,
      "is_additional_info_supported": false,
      "highest_direct_report_rate_level": 0,
      "supported_direct_channel_type": []
    },
    {
      "reporting_mode": 0,
      "name": "BMP380 Temperature",
      "vendor": "Bosch",
      "type": 33172003,
      "version": 8709,
      "maximum_range": 1.0,
      "resolution": 0.10000000149011612,
      "power": 0.30000001192092896,
      "min_delay": 200000,
      "fifo_reserved_event_count": 0,
      "fifo_max_event_count": 10000,
      "string_type": "com.google.sensor.pressure_temp",
      "id": 0,
      "max_delay": 1000000,
      "is_wake_up_sensor": false,
      "is_dynamic_sensor": false,
      "is_additional_info_supported": false,
      "highest_direct_report_rate_level": 0,
      "supported_direct_channel_type": []
    },
    {
      "reporting_mode": 0,
      "name": "LIS2MDL Temperature",
      "vendor": "STMicro",
      "type": 33172004,
      "version": 262,
      "maximum_range": 1.0,
      "resolution": 0.10000000149011612,
      "power": 0.0010000000474974513,
      "min_delay": 10000,
      "fifo_reserved_event_count": 0,
      "fifo_max_event_count": 10000,
      "string_type": "com.google.sensor.magnetometer_temp",
      "id": 0,
      "max_delay": 2147483647,
      "is_wake_up_sensor": false,
      "is_dynamic_sensor": false,
      "is_additional_info_supported": false,
      "highest_direct_report_rate_level": 0,
      "supported_direct_channel_type": []
    },
    {
      "reporting_mode": 1,
      "name": "camera v-sync 0",
      "vendor": "Google",
      "type": 33172005,
      "version": 1,
      "maximum_range": 1.0,
      "resolution": 0.10000000149011612,
      "power": 0.0010000000474974513,
      "min_delay": 0,
      "fifo_reserved_event_count": 0,
      "fifo_max_event_count": 10000,
      "string_type": "com.google.sensor.camera_vsync",
      "id": 0,
      "max_delay": 0,
      "is_wake_up_sensor": false,
      "is_dynamic_sensor": false,
      "is_additional_info_supported": false,
      "highest_direct_report_rate_level": 0,
      "supported_direct_channel_type": []
    },
    {
      "reporting_mode": 1,
      "name": "camera v-sync 1",
      "vendor": "Google",
      "type": 33172005,
      "version": 1,
      "maximum_range": 1.0,
      "resolution": 0.10000000149011612,
      "power": 0.0010000000474974513,
      "min_delay": 0,
      "fifo_reserved_event_count": 0,
      "fifo_max_event_count": 10000,
      "string_type": "com.google.sensor.camera_vsync",
      "id": 0,
      "max_delay": 0,
      "is_wake_up_sensor": false,
      "is_dynamic_sensor": false,
      "is_additional_info_supported": false,
      "highest_direct_report_rate_level": 0,
      "supported_direct_channel_type": []
    },
    {
      "reporting_mode": 1,
      "name": "camera v-sync 2",
      "vendor": "Google",
      "type": 33172005,
      "version": 1,
      "maximum_range": 1.0,
      "resolution": 0.10000000149011612,
      "power": 0.0010000000474974513,
      "min_delay": 0,
      "fifo_reserved_event_count": 0,
      "fifo_max_event_count": 10000,
      "string_type": "com.google.sensor.camera_vsync",
      "id": 0,
      "max_delay": 0,
      "is_wake_up_sensor": false,
      "is_dynamic_sensor": false,
      "is_additional_info_supported": false,
      "highest_direct_report_rate_level": 0,
      "supported_direct_channel_type": []
    },
    {
      "reporting_mode": 1,
      "name": "Binned Brightness",
      "vendor": "Google",
      "type": 65541,
      "version": 1,
      "maximum_range": 255.0,
      "resolution": 1.0,
      "power": 0.20000000298023224,
      "min_delay": 1000000,
      "fifo_reserved_event_count": 0,
      "fifo_max_event_count": 0,
      "string_type": "com.google.sensor.binned_brightness",
      "id": 0,
      "max_delay": 1000000,
      "is_wake_up_sensor": true,
      "is_dynamic_sensor": false,
      "is_additional_info_supported": false,
      "highest_direct_report_rate_level": 0,
      "supported_direct_channel_type": []
    },
    {
      "reporting_mode": 2,
      "name": "Device Pickup Sensor",
      "vendor": "Google",
      "type": 25,
      "version": 1,
      "maximum_range": 1.0,
      "resolution": 1.0,
      "power": 0.25,
      "min_delay": -1,
      "fifo_reserved_event_count": 0,
      "fifo_max_event_count": 0,
      "string_type": "android.sensor.pick_up_gesture",
      "id": 0,
      "max_delay": 0,
      "is_wake_up_sensor": true,
      "is_dynamic_sensor": false,
      "is_additional_info_supported": false,
      "highest_direct_report_rate_level": 0,
      "supported_direct_channel_type": []
    },
    {
      "reporting_mode": 2,
      "name": "Proximity Gated Double Tap Gesture",
      "vendor": "Google",
      "type": 65543,
      "version": 1,
      "maximum_range": 1.0,
      "resolution": 1.0,
      "power": 0.0010000000474974513,
      "min_delay": -1,
      "fifo_reserved_event_count": 0,
      "fifo_max_event_count": 0,
      "string_type": "com.google.sensor.double_touch",
      "id": 0,
      "max_delay": 0,
      "is_wake_up_sensor": true,
      "is_dynamic_sensor": false,
      "is_additional_info_supported": false,
      "highest_direct_report_rate_level": 0,
      "supported_direct_channel_type": []
    },
    {
      "reporting_mode": 3,
      "name": "Double Twist",
      "vendor": "Google",
      "type": 65537,
      "version": 1,
      "maximum_range": 1.0,
      "resolution": 1.0,
      "power": 1.0,
      "min_delay": 0,
      "fifo_reserved_event_count": 0,
      "fifo_max_event_count": 0,
      "string_type": "com.google.sensor.double_twist",
      "id": 0,
      "max_delay": 0,
      "is_wake_up_sensor": true,
      "is_dynamic_sensor": false,
      "is_additional_info_supported": false,
      "highest_direct_report_rate_level": 0,
      "supported_direct_channel_type": []
    },
    {
      "reporting_mode": 0,
      "name": "Game Rotation Vector Sensor",
      "vendor": "Google",
      "type": 15,
      "version": 1,
      "maximum_range": 1.0,
      "resolution": 9.999999747378752E-6,
      "power": 1.0,
      "min_delay": 5000,
      "fifo_reserved_event_count": 300,
      "fifo_max_event_count": 300,
      "string_type": "android.sensor.game_rotation_vector",
      "id": 0,
      "max_delay": 200000,
      "is_wake_up_sensor": false,
      "is_dynamic_sensor": false,
      "is_additional_info_supported": false,
      "highest_direct_report_rate_level": 0,
      "supported_direct_channel_type": []
    },
    {
      "reporting_mode": 0,
      "name": "Geomagnetic Rotation Vector Sensor",
      "vendor": "Google",
      "type": 20,
      "version": 1,
      "maximum_range": 1.0,
      "resolution": 9.999999747378752E-6,
      "power": 1.0,
      "min_delay": 5000,
      "fifo_reserved_event_count": 0,
      "fifo_max_event_count": 0,
      "string_type": "android.sensor.geomagnetic_rotation_vector",
      "id": 0,
      "max_delay": 200000,
      "is_wake_up_sensor": false,
      "is_dynamic_sensor": false,
      "is_additional_info_supported": false,
      "highest_direct_report_rate_level": 0,
      "supported_direct_channel_type": []
    },
    {
      "reporting_mode": 0,
      "name": "Gravity Sensor",
      "vendor": "Google",
      "type": 9,
      "version": 1,
      "maximum_range": 9.8100004196167,
      "resolution": 9.999999747378752E-6,
      "power": 1.0,
      "min_delay": 5000,
      "fifo_reserved_event_count": 0,
      "fifo_max_event_count": 0,
      "string_type": "android.sensor.gravity",
      "id": 0,
      "max_delay": 200000,
      "is_wake_up_sensor": false,
      "is_dynamic_sensor": false,
      "is_additional_info_supported": false,
      "highest_direct_report_rate_level": 0,
      "supported_direct_channel_type": []
    },
    {
      "reporting_mode": 0,
      "name": "Linear Acceleration Sensor",
      "vendor": "Google",
      "type": 10,
      "version": 1,
      "maximum_range": 156.9600067138672,
      "resolution": 9.999999747378752E-6,
      "power": 1.0,
      "min_delay": 20000,
      "fifo_reserved_event_count": 0,
      "fifo_max_event_count": 0,
      "string_type": "android.sensor.linear_acceleration",
      "id": 0,
      "max_delay": 200000,
      "is_wake_up_sensor": false,
      "is_dynamic_sensor": false,
      "is_additional_info_supported": false,
      "highest_direct_report_rate_level": 0,
      "supported_direct_channel_type": []
    },
    {
      "reporting_mode": 0,
      "name": "Orientation Sensor",
      "vendor": "Google",
      "type": 3,
      "version": 1,
      "maximum_range": 360.0,
      "resolution": 9.999999747378752E-6,
      "power": 1.0,
      "min_delay": 5000,
      "fifo_reserved_event_count": 0,
      "fifo_max_event_count": 0,
      "string_type": "android.sensor.orientation",
      "id": 0,
      "max_delay": 200000,
      "is_wake_up_sensor": false,
      "is_dynamic_sensor": false,
      "is_additional_info_supported": false,
      "highest_direct_report_rate_level": 0,
      "supported_direct_channel_type": []
    },
    {
      "reporting_mode": 0,
      "name": "Rotation Vector Sensor",
      "vendor": "Google",
      "type": 11,
      "version": 1,
      "maximum_range": 1.0,
      "resolution": 9.999999747378752E-6,
      "power": 1.0,
      "min_delay": 5000,
      "fifo_reserved_event_count": 0,
      "fifo_max_event_count": 0,
      "string_type": "android.sensor.rotation_vector",
      "id": 0,
      "max_delay": 200000,
      "is_wake_up_sensor": false,
      "is_dynamic_sensor": false,
      "is_additional_info_supported": false,
      "highest_direct_report_rate_level": 0,
      "supported_direct_channel_type": []
    },
    {
      "reporting_mode": 2,
      "name": "Significant Motion",
      "vendor": "Google",
      "type": 17,
      "version": 1,
      "maximum_range": 1.0,
      "resolution": 1.0,
      "power": 0.25,
      "min_delay": -1,
      "fifo_reserved_event_count": 0,
      "fifo_max_event_count": 0,
      "string_type": "android.sensor.significant_motion",
      "id": 0,
      "max_delay": 0,
      "is_wake_up_sensor": true,
      "is_dynamic_sensor": false,
      "is_additional_info_supported": false,
      "highest_direct_report_rate_level": 0,
      "supported_direct_channel_type": []
    },
    {
      "reporting_mode": 1,
      "name": "Step Counter",
      "vendor": "Google",
      "type": 19,
      "version": 1,
      "maximum_range": 1.8446744073709552E19,
      "resolution": 1.0,
      "power": 0.10000000149011612,
      "min_delay": 0,
      "fifo_reserved_event_count": 1,
      "fifo_max_event_count": 1,
      "string_type": "android.sensor.step_counter",
      "id": 0,
      "max_delay": 1000000,
      "is_wake_up_sensor": false,
      "is_dynamic_sensor": false,
      "is_additional_info_supported": false,
      "highest_direct_report_rate_level": 0,
      "supported_direct_channel_type": []
    },
    {
      "reporting_mode": 3,
      "name": "Step Detector",
      "vendor": "Google",
      "type": 18,
      "version": 1,
      "maximum_range": 1.0,
      "resolution": 1.0,
      "power": 0.10000000149011612,
      "min_delay": 0,
      "fifo_reserved_event_count": 100,
      "fifo_max_event_count": 100,
      "string_type": "android.sensor.step_detector",
      "id": 0,
      "max_delay": 0,
      "is_wake_up_sensor": false,
      "is_dynamic_sensor": false,
      "is_additional_info_supported": false,
      "highest_direct_report_rate_level": 0,
      "supported_direct_channel_type": []
    },
    {
      "reporting_mode": 3,
      "name": "Tilt Sensor",
      "vendor": "Google",
      "type": 22,
      "version": 1,
      "maximum_range": 1.0,
      "resolution": 1.0,
      "power": 0.25,
      "min_delay": 0,
      "fifo_reserved_event_count": 0,
      "fifo_max_event_count": 0,
      "string_type": "android.sensor.tilt_detector",
      "id": 0,
      "max_delay": 0,
      "is_wake_up_sensor": true,
      "is_dynamic_sensor": false,
      "is_additional_info_supported": false,
      "highest_direct_report_rate_level": 0,
      "supported_direct_channel_type": []
    },
    {
      "reporting_mode": 1,
      "name": "Device Orientation",
      "vendor": "Google",
      "type": 27,
      "version": 1,
      "maximum_range": 3.0,
      "resolution": 1.0,
      "power": 1.0,
      "min_delay": 0,
      "fifo_reserved_event_count": 1,
      "fifo_max_event_count": 1,
      "string_type": "android.sensor.device_orientation",
      "id": 0,
      "max_delay": 1000000,
      "is_wake_up_sensor": false,
      "is_dynamic_sensor": false,
      "is_additional_info_supported": false,
      "highest_direct_report_rate_level": 0,
      "supported_direct_channel_type": []
    },
    {
      "reporting_mode": 1,
      "name": "Device Orientation Debug",
      "vendor": "Google",
      "type": 65548,
      "version": 1,
      "maximum_range": 156.9600067138672,
      "resolution": 9.999999747378752E-6,
      "power": 1.0,
      "min_delay": 0,
      "fifo_reserved_event_count": 1,
      "fifo_max_event_count": 1,
      "string_type": "com.google.sensor.device_orientation_debug",
      "id": 0,
      "max_delay": 1000000,
      "is_wake_up_sensor": false,
      "is_dynamic_sensor": false,
      "is_additional_info_supported": false,
      "highest_direct_report_rate_level": 0,
      "supported_direct_channel_type": []
    },
    {
      "reporting_mode": 1,
      "name": "Rotation preindication",
      "vendor": "Google",
      "type": 65553,
      "version": 1,
      "maximum_range": 3.0,
      "resolution": 1.0,
      "power": 1.0,
      "min_delay": 0,
      "fifo_reserved_event_count": 1,
      "fifo_max_event_count": 1,
      "string_type": "com.google.sensor.rotation_preindication",
      "id": 0,
      "max_delay": 1000000,
      "is_wake_up_sensor": false,
      "is_dynamic_sensor": false,
      "is_additional_info_supported": false,
      "highest_direct_report_rate_level": 0,
      "supported_direct_channel_type": []
    }
  ]
}