{
  "cpu_info": "Processor\t: AArch64 Processor rev 12 (aarch64)\nprocessor\t: 0\nBogoMIPS\t: 38.00\nFeatures\t: fp asimd evtstrm aes pmull sha1 sha2 crc32 atomics fphp asimdhp\nCPU implementer\t: 0x51\nCPU architecture: 8\nCPU variant\t: 0x7\nCPU part\t: 0x803\nCPU revision\t: 12\n\nprocessor\t: 1\nBogoMIPS\t: 38.00\nFeatures\t: fp asimd evtstrm aes pmull sha1 sha2 crc32 atomics fphp asimdhp\nCPU implementer\t: 0x51\nCPU architecture: 8\nCPU variant\t: 0x7\nCPU part\t: 0x803\nCPU revision\t: 12\n\nprocessor\t: 2\nBogoMIPS\t: 38.00\nFeatures\t: fp asimd evtstrm aes pmull sha1 sha2 crc32 atomics fphp asimdhp\nCPU implementer\t: 0x51\nCPU architecture: 8\nCPU variant\t: 0x7\nCPU part\t: 0x803\nCPU revision\t: 12\n\nprocessor\t: 3\nBogoMIPS\t: 38.00\nFeatures\t: fp asimd evtstrm aes pmull sha1 sha2 crc32 atomics fphp asimdhp\nCPU implementer\t: 0x51\nCPU architecture: 8\nCPU variant\t: 0x7\nCPU part\t: 0x803\nCPU revision\t: 12\n\nprocessor\t: 4\nBogoMIPS\t: 38.00\nFeatures\t: fp asimd evtstrm aes pmull sha1 sha2 crc32 atomics fphp asimdhp\nCPU implementer\t: 0x51\nCPU architec",
  "os_name": "Linux",
  "node_name": "localhost",
  "os_release": "4.9.270-g862f51bac900-ab7613625",
  "os_version": "#0 SMP PREEMPT Thu Aug 5 07:04:42 UTC 2021",
  "hardware_id": "aarch64",
  "kernel_version": "4.9.270",
  "sepolicy_version": "31.0",
  "hals": [
    "android.frameworks.cameraservice.service@2.2",
    "android.frameworks.displayservice@1.0",
    "android.frameworks.schedulerservice@1.0",
    "android.frameworks.sensorservice@1.0",
    "android.frameworks.stats",
    "android.frameworks.stats@1.0",
    "android.hardware.atrace@1.0",
    "android.hardware.audio.effect@7.0",
    "android.hardware.audio@7.0",
    "android.hardware.authsecret@1.0",
    "android.hardware.biometrics.fingerprint@2.2",
    "android.hardware.bluetooth.audio@2.0",
    "android.hardware.bluetooth@1.0",
    "android.hardware.boot@1.0",
    "android.hardware.camera.provider@2.4",
    "android.hardware.cas@1.2",
    "android.hardware.configstore@1.1",
    "android.hardware.confirmationui@1.0",
    "android.hardware.contexthub@1.2",
    "android.hardware.drm@1.0",
    "android.hardware.drm@1.2",
    "android.hardware.drm@1.3",
    "android.hardware.drm@1.4",
    "android.hardware.dumpstate@1.1",
    "android.hardware.gatekeeper@1.0",
    "android.hardware.gnss@1.1",
    "android.hardware.graphics.allocator@2.0",
    "android.hardware.graphics.composer@2.3",
    "android.hardware.graphics.mapper@2.1",
    "android.hardware.health.storage@1.0",
    "android.hardware.health@2.0",
    "android.hardware.identity",
    "android.hardware.keymaster@4.0",
    "android.hardware.keymaster@4.1",
    "android.hardware.light@2.0",
    "android.hardware.media.c2@1.0",
    "android.hardware.media.c2@1.2",
    "android.hardware.media.omx@1.0",
    "android.hardware.memtrack@1.0",
    "android.hardware.neuralnetworks@1.0",
    "android.hardware.neuralnetworks@1.3",
    "android.hardware.nfc@1.2",
    "android.hardware.oemlock@1.0",
    "android.hardware.power",
    "android.hardware.power.stats@1.0",
    "android.hardware.radio.config@1.1",
    "android.hardware.radio@1.2",
    "android.hardware.radio@1.3",
    "android.hardware.rebootescrow",
    "android.hardware.renderscript@1.0",
    "android.hardware.secure_element@1.0",
    "android.hardware.sensors@2.0",
    "android.hardware.soundtrigger@2.2",
    "android.hardware.tetheroffload.config@1.0",
    "android.hardware.tetheroffload.control@1.0",
    "android.hardware.thermal@1.0",
    "android.hardware.thermal@2.0",
    "android.hardware.usb.gadget@1.1",
    "android.hardware.usb@1.3",
    "android.hardware.vibrator@1.2",
    "android.hardware.weaver@1.0",
    "android.hardware.wifi.hostapd@1.3",
    "android.hardware.wifi.supplicant@1.4",
    "android.hardware.wifi@1.5",
    "android.hidl.allocator@1.0",
    "android.hidl.manager@1.2",
    "android.hidl.memory@1.0",
    "android.hidl.token@1.0",
    "android.system.keystore2",
    "android.system.net.netd@1.1",
    "android.system.suspend@1.0",
    "android.system.wifi.keystore@1.0",
    "com.qualcomm.qti.uceservice@2.0",
    "com.quicinc.cne.api@1.1",
    "com.quicinc.cne.server@2.1",
    "hardware.google.light@1.0",
    "vendor.display.config@1.3",
    "vendor.google.google_battery@1.1",
    "vendor.google.radioext@1.3",
    "vendor.google.wifi_ext@1.2",
    "vendor.google.wireless_charger@1.3",
    "vendor.google_paintbox@1.0",
    "vendor.nxp.nxpnfc@1.0",
    "vendor.qti.hardware.radio.am@1.0",
    "vendor.qti.hardware.radio.atcmdfwd@1.0",
    "vendor.qti.hardware.radio.ims@1.2",
    "vendor.qti.hardware.radio.lpa@1.0",
    "vendor.qti.hardware.radio.qcrilhook@1.0",
    "vendor.qti.hardware.radio.uim_remote_client@1.0",
    "vendor.qti.hardware.radio.uim_remote_server@1.0",
    "vendor.qti.hardware.tui_comm@1.0",
    "vendor.qti.ims.callinfo@1.0",
    "vendor.qti.imsrtpservice@1.0"
  ],
  "vndk_snapshots": [
    {
      "version": "31",
      "libraries": []
    }
  ],
  "target_fcm_version": 3,
  "platform_sepolicy_version": "31.0"
}