<?xml version='1.0' encoding='UTF-8' ?>
<configuration>
  <build_provider class="com.android.compatibility.common.tradefed.build.CompatibilityBuildProvider">
    <option name="use-device-build-info" value="false" />
    <option name="dynamic-config-url" value="https://androidpartner.googleapis.com/v1/dynamicconfig/suites/{suite-name}/modules/{module}/version/{version}?key=AIzaSyAbwX5JRlmsLeygY2WWihpIJPXFLueOQ3U" />
    <option name="plan" value="cts-dev" />
  </build_provider>
  <target_preparer class="com.android.compatibility.common.tradefed.targetprep.DeviceFileCollector">
    <option name="skip-device-info" value="true" />
    <option name="src-file" value="/sys/fs/selinux/policy" />
    <option name="dest-file" value="vintf-files/sepolicy" />
    <option name="property" key="ro.treble.enabled" value="true" />
    <option name="skip-preconditions" value="true" />
    <option name="disable" value="false" />
    <option name="disable-tear-down" value="false" />
  </target_preparer>
  <target_preparer class="com.android.compatibility.common.tradefed.targetprep.DeviceFileCollector">
    <option name="skip-device-info" value="true" />
    <option name="src-file" value="/proc/config.gz" />
    <option name="dest-file" value="vintf-files/proc_config.gz" />
    <option name="property" key="ro.treble.enabled" value="true" />
    <option name="skip-preconditions" value="true" />
    <option name="disable" value="false" />
    <option name="disable-tear-down" value="false" />
  </target_preparer>
  <target_preparer class="com.android.compatibility.common.tradefed.targetprep.DynamicConfigPusher">
    <option name="api-key" value="AIzaSyAbwX5JRlmsLeygY2WWihpIJPXFLueOQ3U" />
    <option name="cleanup" value="true" />
    <option name="config-url" value="https://androidpartner.googleapis.com/v1/dynamicconfig/suites/{suite-name}/modules/{module}/version/{version}?key={api-key}" />
    <option name="config-filename" value="cts" />
    <option name="target" value="HOST" />
    <option name="extract-from-resource" value="true" />
    <option name="dynamic-resource-name" value="cts-tradefed" />
    <option name="disable" value="false" />
    <option name="disable-tear-down" value="false" />
  </target_preparer>
  <target_preparer class="com.android.compatibility.common.tradefed.targetprep.StayAwakePreparer">
    <option name="skip-preconditions" value="true" />
    <option name="disable" value="false" />
    <option name="disable-tear-down" value="false" />
  </target_preparer>
  <target_preparer class="com.android.compatibility.common.tradefed.targetprep.PackageDisabler">
    <option name="package" value="com.android.yadayada" />
    <option name="skip-preconditions" value="true" />
    <option name="disable" value="false" />
    <option name="disable-tear-down" value="false" />
  </target_preparer>
  <target_preparer class="com.android.compatibility.common.tradefed.targetprep.SettingsPreparer">
    <option name="device-setting" value="verifier_verify_adb_installs" />
    <option name="setting-type" value="GLOBAL" />
    <option name="set-value" value="0" />
    <option name="skip-preconditions" value="true" />
    <option name="disable" value="false" />
    <option name="disable-tear-down" value="false" />
  </target_preparer>
  <target_preparer class="com.android.compatibility.common.tradefed.targetprep.SettingsPreparer">
    <option name="device-setting" value="hide_error_dialogs" />
    <option name="setting-type" value="GLOBAL" />
    <option name="set-value" value="1" />
    <option name="skip-preconditions" value="true" />
    <option name="disable" value="false" />
    <option name="disable-tear-down" value="false" />
  </target_preparer>
  <target_preparer class="com.android.compatibility.common.tradefed.targetprep.ApkPreconditionCheck">
    <option name="apk" value="CtsPreconditions.apk" />
    <option name="package" value="com.android.preconditions.cts" />
    <option name="when" value="BEFORE" />
    <option name="throw-error" value="true" />
    <option name="skip-preconditions" value="true" />
    <option name="disable" value="false" />
    <option name="disable-tear-down" value="false" />
  </target_preparer>
  <target_preparer class="com.android.compatibility.common.tradefed.targetprep.WifiCheck">
    <option name="skip-preconditions" value="true" />
    <option name="disable" value="false" />
    <option name="disable-tear-down" value="false" />
  </target_preparer>
  <target_preparer class="com.android.tradefed.targetprep.RunCommandTargetPreparer">
    <option name="run-command" value="rm -rf /sdcard/device-info-files" />
    <option name="run-command" value="rm -rf /sdcard/report-log-files" />
    <option name="run-command" value="locksettings set-disabled true" />
    <option name="hide-bg-output" value="false" />
    <option name="delay-after-commands" value="0" />
    <option name="run-command-timeout" value="0" />
    <option name="throw-if-cmd-fail" value="false" />
    <option name="disable" value="false" />
    <option name="disable-tear-down" value="false" />
  </target_preparer>
  <target_preparer class="com.android.compatibility.common.tradefed.targetprep.DeviceInfoCollector">
    <option name="skip-device-info" value="true" />
    <option name="force-collect-device-info" value="false" />
    <option name="src-dir" value="/sdcard/device-info-files/" />
    <option name="dest-dir" value="device-info-files/" />
    <option name="temp-dir" value="temp-device-info-files/" />
    <option name="apk" value="CtsDeviceInfo.apk" />
    <option name="package" value="com.android.compatibility.common.deviceinfo" />
    <option name="when" value="BEFORE" />
    <option name="throw-error" value="false" />
    <option name="skip-preconditions" value="true" />
    <option name="disable" value="false" />
    <option name="disable-tear-down" value="false" />
  </target_preparer>
  <target_preparer class="com.android.compatibility.common.tradefed.targetprep.ReportLogCollector">
    <option name="src-dir" value="/sdcard/report-log-files/" />
    <option name="dest-dir" value="report-log-files/" />
    <option name="temp-dir" value="temp-report-logs/" />
    <option name="device-dir" value="false" />
    <option name="disable" value="false" />
    <option name="disable-tear-down" value="false" />
  </target_preparer>
  <target_preparer class="com.android.tradefed.targetprep.RunCommandTargetPreparer">
    <option name="run-command" value="settings put global package_verifier_enable 0" />
    <option name="hide-bg-output" value="false" />
    <option name="teardown-command" value="settings put global package_verifier_enable 1" />
    <option name="delay-after-commands" value="0" />
    <option name="run-command-timeout" value="0" />
    <option name="throw-if-cmd-fail" value="false" />
    <option name="disable" value="false" />
    <option name="disable-tear-down" value="false" />
  </target_preparer>
  <target_preparer class="com.android.compatibility.common.tradefed.targetprep.PropertyCheck">
    <option name="property-name" value="ro.build.type" />
    <option name="expected-value" value="user" />
    <option name="is-set-only" value="false" />
    <option name="throw-error" value="false" />
    <option name="skip-preconditions" value="true" />
    <option name="disable" value="false" />
    <option name="disable-tear-down" value="false" />
  </target_preparer>
  <target_preparer class="com.android.compatibility.common.tradefed.targetprep.PropertyCheck">
    <option name="property-name" value="ro.product.locale" />
    <option name="expected-value" value="en-US" />
    <option name="is-set-only" value="false" />
    <option name="throw-error" value="false" />
    <option name="skip-preconditions" value="true" />
    <option name="disable" value="false" />
    <option name="disable-tear-down" value="false" />
  </target_preparer>
  <target_preparer class="com.android.compatibility.common.tradefed.targetprep.PropertyCheck">
    <option name="property-name" value="persist.sys.test_harness" />
    <option name="expected-value" value="false" />
    <option name="is-set-only" value="false" />
    <option name="throw-error" value="true" />
    <option name="skip-preconditions" value="true" />
    <option name="disable" value="false" />
    <option name="disable-tear-down" value="false" />
  </target_preparer>
  <device_recovery class="com.android.tradefed.device.WaitDeviceRecovery">
    <option name="online-wait-time" value="60000" />
    <option name="device-wait-time" value="240000" />
    <option name="bootloader-wait-time" value="30000" />
    <option name="shell-wait-time" value="30000" />
    <option name="fastboot-wait-time" value="30000" />
    <option name="min-battery-after-recovery" value="0" />
    <option name="disable-unresponsive-reboot" value="false" />
  </device_recovery>
  <device_requirements class="com.android.tradefed.device.DeviceSelectionOptions">
    <option name="emulator" value="false" />
    <option name="device" value="false" />
    <option name="new-emulator" value="false" />
    <option name="null-device" value="false" />
    <option name="tcp-device" value="false" />
    <option name="gce-device" value="false" />
    <option name="require-battery-check" value="true" />
    <option name="require-battery-temp-check" value="true" />
  </device_requirements>
  <device_options class="com.android.tradefed.device.TestDeviceOptions">
    <option name="enable-root" value="false" />
    <option name="disable-keyguard" value="true" />
    <option name="enable-logcat" value="true" />
    <option name="max-tmp-logcat-file" value="209715200" />
    <option name="fastboot-timeout" value="60000" />
    <option name="adb-recovery-timeout" value="60000" />
    <option name="reboot-timeout" value="120000" />
    <option name="use-fastboot-erase" value="false" />
    <option name="unencrypt-reboot-timeout" value="0" />
    <option name="online-timeout" value="60000" />
    <option name="available-timeout" value="360000" />
    <option name="conn-check-url" value="http://www.google.com" />
    <option name="wifi-attempts" value="5" />
    <option name="wifi-retry-wait-time" value="60000" />
    <option name="max-wifi-connect-time" value="600000" />
    <option name="wifi-exponential-retry" value="true" />
    <option name="disable-reboot" value="false" />
    <option name="use-content-provider" value="true" />
    <option name="instance-type" value="GCE" />
    <option name="gce-boot-timeout" value="1800000" />
    <option name="allow-gce-boot-timeout-override" value="false" />
    <option name="gce-private-key-path" value="~/.ssh/id_rsa" />
    <option name="gce-driver-log-level" value="DEBUG" />
    <option name="gce-driver-build-id-param" value="build_id" />
    <option name="max-gce-attempt" value="1" />
    <option name="skip-gce-teardown" value="false" />
    <option name="use-oxygen" value="false" />
    <option name="wait-gce-teardown" value="false" />
    <option name="instance-user" value="root" />
    <option name="remote-adb-port" value="5555" />
  </device_options>
  <test class="com.android.compatibility.common.tradefed.testtype.suite.CompatibilityTestSuite">
    <option name="exclude-filter" value="CtsSecurityHostTestCases android.security.cts.SELinuxHostTest#testAospFileContexts" />
    <option name="exclude-filter" value="CtsSensorTestCases android.hardware.cts.SensorDirectReportTest#testRegisterMultipleChannelsUsingSameMemory" />
    <option name="exclude-filter" value="arm64-v8a CtsMediaBitstreamsTestCases" />
    <option name="exclude-filter" value="CtsNativeMediaAAudioTestCases[instant] android.nativemedia.aaudio.AAudioTests#test_aaudio_mmap_testBasicMmapOutput" />
    <option name="exclude-filter" value="CtsNativeMediaAAudioTestCases android.nativemedia.aaudio.AAudioTests#test_aaudio_mmap_testBasicMmapOutput" />
    <option name="exclude-filter" value="CtsAutoFillServiceTestCases[instant] android.autofillservice.cts.inline.InlineSimpleSaveActivityTest#testAutofill_oneDatasetAndSave" />
    <option name="exclude-filter" value="CtsWindowManagerDeviceTestCases android.server.wm.ActivityVisibilityTests#testTurnScreenOnAttrNoLockScreen" />
    <option name="exclude-filter" value="CtsRcsTestCases" />
    <option name="exclude-filter" value="CtsViewTestCases android.view.cts.ViewTest#testUpdateDragShadow" />
    <option name="exclude-filter" value="CtsSensorTestCases android.hardware.cts.SensorDirectReportTest#testRateIndependencyAccelMultiChannel" />
    <option name="exclude-filter" value="CtsJdwp org.apache.harmony.jpda.tests.jdwp.Events.MonitorWaitedTest#testMonitorWaitedForClassOnly" />
    <option name="exclude-filter" value="CtsJdwp org.apache.harmony.jpda.tests.jdwp.Events.MonitorContendedEnteredTest#testMonitorContendedEnteredForClassMatch" />
    <option name="exclude-filter" value="CtsJdwp org.apache.harmony.jpda.tests.jdwp.DebuggerOnDemand.OnthrowLaunchDebugger002#testDebugger" />
    <option name="exclude-filter" value="CtsVideoTestCases android.video.cts.VideoEncoderDecoderTest#testVp9Goog0Perf1280x0720" />
    <option name="exclude-filter" value="CtsJdwp org.apache.harmony.jpda.tests.jdwp.VirtualMachine.ReleaseEventsTest#testReleaseEvents001" />
    <option name="exclude-filter" value="CtsDevicePolicyManagerTestCases com.android.cts.devicepolicy.DeviceOwnerTest#testCreateAndManageUser_DontSkipSetupWizard" />
    <option name="exclude-filter" value="CtsSensorTestCases android.hardware.cts.SensorDirectReportTest#testRateIndependencyAccelUncalAccelSingleChannel" />
    <option name="exclude-filter" value="CtsLocation2TestCases android.location2.cts.LocationManagerTest#testGetCoarseLocationUpdates_withListener" />
    <option name="exclude-filter" value="CtsSensorTestCases android.hardware.cts.SensorDirectReportTest#testRateIndependencyGyroMultiChannel" />
    <option name="exclude-filter" value="CtsSensorTestCases android.hardware.cts.SensorDirectReportTest#testRateIndependencyMagMultiMode" />
    <option name="exclude-filter" value="x86_64 CtsMediaBitstreamsTestCases" />
    <option name="exclude-filter" value="CtsLocationTestCases android.location.cts.GnssTtffTests#testTtffWithNetwork" />
    <option name="exclude-filter" value="CtsJdwp org.apache.harmony.jpda.tests.jdwp.Events.MonitorWaitedTest#testMonitorWaitedForClassMatchExact" />
    <option name="exclude-filter" value="CtsOpenGlPerfTestCases android.openglperf.cts.GlAppSwitchTest#testGlActivitySwitchingSlow" />
    <option name="exclude-filter" value="CtsSecurityTestCases android.security.cts.MediaCryptoTest#testMediaCryptoWidevine" />
    <option name="exclude-filter" value="CtsStatsdHostTestCases[instant] android.cts.statsd.validation.BatteryStatsValidationTests#testConnectivityStateChange" />
    <option name="exclude-filter" value="CtsJobSchedulerTestCases android.jobscheduler.cts.ConnectivityConstraintTest#testUnmeteredConstraintFails_withMobile" />
    <option name="exclude-filter" value="x86_64 CtsRenderscriptLegacyTestCases" />
    <option name="exclude-filter" value="CtsSensorTestCases android.hardware.cts.SensorDirectReportTest#testAtomicCounterMag" />
    <option name="exclude-filter" value="CtsWindowManagerDeviceTestCases android.server.wm.AppConfigurationTests#testAppOrientationRequestConfigClears" />
    <option name="exclude-filter" value="x86_64 CtsLiblogTestCases liblog#event_log_tags" />
    <option name="exclude-filter" value="CtsSensorTestCases android.hardware.cts.SensorDirectReportTest#testRateIndependencyAccelMultiMode" />
    <option name="exclude-filter" value="CtsSecurityTestCases android.security.cts.AudioPolicyBinderTest#test_startAudioSource" />
    <option name="exclude-filter" value="CtsSecurityBulletinHostTestCases android.security.cts.Poc17_04#testPocCVE_2017_0564" />
    <option name="exclude-filter" value="CtsJdwp org.apache.harmony.jpda.tests.jdwp.Events.MonitorWaitTest#testMonitorWaitForClassOnly" />
    <option name="exclude-filter" value="CtsSecurityHostTestCases android.security.cts.SELinuxHostTest#testNoExemptionsForBinderInVendorBan" />
    <option name="exclude-filter" value="CtsJdwp org.apache.harmony.jpda.tests.jdwp.DebuggerOnDemand.OnthrowLaunchDebugger001#testDebugger002" />
    <option name="exclude-filter" value="CtsJdwp org.apache.harmony.jpda.tests.jdwp.Events.MonitorWaitTest#testMonitorWaitForClassMatchSecond" />
    <option name="exclude-filter" value="mips64 CtsMediaBitstreamsTestCases" />
    <option name="exclude-filter" value="mips64 CtsRenderscriptLegacyTestCases" />
    <option name="exclude-filter" value="x86 CtsPerfettoTestCases PerfettoTest#TestFtraceProducer" />
    <option name="exclude-filter" value="CtsStatsdHostTestCases[instant] android.cts.statsd.atom.UidAtomTests#testForegroundServiceState" />
    <option name="exclude-filter" value="CtsOpenGlPerfTestCases android.openglperf.cts.GlAppSwitchTest#testGlActivitySwitchingFast" />
    <option name="exclude-filter" value="CtsFileSystemTestCases android.filesystem.cts.AlmostFullTest" />
    <option name="exclude-filter" value="CtsAppCloningHostTest android.scopedstorage.cts.host.AppCloningHostTest#testCreateCloneUserFile" />
    <option name="exclude-filter" value="CtsTestHarnessModeTestCases" />
    <option name="exclude-filter" value="CtsJdwp org.apache.harmony.jpda.tests.jdwp.Events.MonitorWaitTest#testMonitorWaitForClassExclude" />
    <option name="exclude-filter" value="CtsAppSecurityHostTestCases android.appsecurity.cts.PkgInstallSignatureVerificationTest#testInstallV4UpdateAfterRotation" />
    <option name="exclude-filter" value="CtsJdwp org.apache.harmony.jpda.tests.jdwp.Events.MonitorWaitTest#testMonitorWaitForClassMatchExact" />
    <option name="exclude-filter" value="CtsJdwp org.apache.harmony.jpda.tests.jdwp.Events.ClassUnloadTest#testClassUnloadEvent" />
    <option name="exclude-filter" value="CtsDumpsysHostTestCases android.dumpsys.cts.DumpsysHostTest#testBatterystatsOutput" />
    <option name="exclude-filter" value="CtsJobSchedulerTestCases android.jobscheduler.cts.ConnectivityConstraintTest#testConnectivityConstraintExecutes_withMobile" />
    <option name="exclude-filter" value="CtsSecurityTestCases android.security.cts.AudioPolicyBinderTest#test_getStreamVolumeLeak" />
    <option name="exclude-filter" value="CtsSensorTestCases android.hardware.cts.SensorDirectReportTest#testRateIndependencyMagMultiChannel" />
    <option name="exclude-filter" value="CtsStatsdHostTestCases android.cts.statsd.validation.BatteryStatsValidationTests#testConnectivityStateChange" />
    <option name="exclude-filter" value="CtsSensorTestCases android.hardware.cts.SensorDirectReportTest#testCloseWithoutConfigStop" />
    <option name="exclude-filter" value="CtsAtomicInstallTestCases com.android.tests.atomicinstall.AtomicInstallTest#testFailInconsistentMultiPackageCommit" />
    <option name="exclude-filter" value="CtsVideoTestCases android.video.cts.VideoEncoderDecoderTest#testVp9Goog0Perf1920x1080" />
    <option name="exclude-filter" value="CtsActivityManagerDeviceTestCases android.server.am.ActivityManagerAppConfigurationTests#testTaskCloseRestoreFreeOrientation" />
    <option name="exclude-filter" value="CtsTelecomTestCases android.telecom.cts.WiredHeadsetTest" />
    <option name="exclude-filter" value="CtsNetTestCases android.net.cts.SSLCertificateSocketFactoryTest#test_createSocket_bind" />
    <option name="exclude-filter" value="CtsSecurityHostTestCases android.security.cts.SELinuxNeverallowRulesTest#testNeverallowRules440" />
    <option name="exclude-filter" value="CtsHarmfulAppWarningHostTestCases android.harmfulappwarning.cts.HarmfulAppWarningTest#testUninstall" />
    <option name="exclude-filter" value="CtsSensorTestCases android.hardware.cts.SensorDirectReportTest#testAtomicCounterGyro" />
    <option name="exclude-filter" value="CtsPrintTestCases[instant]" />
    <option name="exclude-filter" value="CtsSecurityHostTestCases android.security.cts.SELinuxHostTest#testNoExemptionsForVendorExecutingCore" />
    <option name="exclude-filter" value="CtsSecurityHostTestCases android.security.cts.SELinuxHostTest#testAospSeappContexts" />
    <option name="exclude-filter" value="CtsJdwp org.apache.harmony.jpda.tests.jdwp.Events.MonitorWaitedTest#testMonitorWaitedForClassMatchFirst" />
    <option name="exclude-filter" value="CtsDumpsysHostTestCases android.dumpsys.cts.DumpsysHostTest#testGfxinfoFramestats" />
    <option name="exclude-filter" value="CtsSecurityTestCases android.security.cts.AudioPolicyBinderTest#test_startOutput" />
    <option name="exclude-filter" value="CtsSensorTestCases android.hardware.cts.SensorDirectReportTest#testRateIndependencyAccelGyroSingleChannel" />
    <option name="exclude-filter" value="CtsLocationTestCases[instant] android.location.cts.GnssTtffTests#testTtffWithNetwork" />
    <option name="exclude-filter" value="CtsSecurityTestCases android.security.cts.AudioPolicyBinderTest#test_isStreamActiveRemotely" />
    <option name="exclude-filter" value="CtsActivityManagerDeviceTestCases android.server.am.ActivityManagerAppConfigurationTests#testAppOrientationRequestConfigClears" />
    <option name="exclude-filter" value="CtsPermissionTestCases android.permission.cts.NearbyDevicesRenouncePermissionTest#scanRenouncingAtEndOfChainNotesBluetoothButNotLocation" />
    <option name="exclude-filter" value="CtsSensorTestCases android.hardware.cts.SensorDirectReportTest#testRateIndependencyMagUncalMagSingleChannel" />
    <option name="exclude-filter" value="CtsLogdTestCases logd#statistics" />
    <option name="exclude-filter" value="CtsSensorTestCases android.hardware.cts.SensorDirectReportTest#testRateIndependencyAccelMagSingleChannel" />
    <option name="exclude-filter" value="CtsJdwp org.apache.harmony.jpda.tests.jdwp.Events.MonitorWaitedTest#testMonitorWaitedForClassExclude" />
    <option name="exclude-filter" value="CtsSensorTestCases android.hardware.cts.SensorDirectReportTest#testRateIndependencyGyroMultiMode" />
    <option name="exclude-filter" value="CtsSecurityTestCases android.security.cts.ListeningPortsTest" />
    <option name="exclude-filter" value="CtsJdwp org.apache.harmony.jpda.tests.jdwp.ThreadReference.StopTest#testStop001" />
    <option name="exclude-filter" value="CtsSensorTestCases android.hardware.cts.SensorDirectReportTest#testReconfigure" />
    <option name="exclude-filter" value="CtsHarmfulAppWarningHostTestCases android.harmfulappwarning.cts.HarmfulAppWarningTest#testLaunchAnyway" />
    <option name="exclude-filter" value="CtsSecurityTestCases android.security.cts.AudioPolicyBinderTest#test_stopOutput" />
    <option name="exclude-filter" value="CtsSensorTestCases android.hardware.cts.SensorDirectReportTest#testRateIndependencyGyroMagSingleChannel" />
    <option name="exclude-filter" value="CtsWindowManagerDeviceTestCases android.server.wm.DisplayHashManagerTest#testGenerateAndVerifyDisplayHash" />
    <option name="exclude-filter" value="CtsNetTestCases android.net.cts.SSLCertificateSocketFactoryTest#test_createSocket_simple" />
    <option name="exclude-filter" value="CtsSensorTestCases android.hardware.cts.SensorDirectReportTest#testTimestampMag" />
    <option name="exclude-filter" value="CtsSecurityHostTestCases android.security.cts.SELinuxHostTest#testNoExemptionsForSocketsBetweenCoreAndVendorBan" />
    <option name="exclude-filter" value="CtsJdwp org.apache.harmony.jpda.tests.jdwp.Events.MonitorContendedEnterTest#testMonitorContendedEnterForClassMatch" />
    <option name="exclude-filter" value="CtsSecurityHostTestCases android.security.cts.SELinuxHostTest#testAospPropertyContexts" />
    <option name="exclude-filter" value="CtsJdwp org.apache.harmony.jpda.tests.jdwp.ReferenceType.NestedTypesTest#testNestedTypes001" />
    <option name="exclude-filter" value="CtsNativeMediaAAudioTestCases android.nativemedia.aaudio.AAudioOutputStreamCallbackTest#testPlayback" />
    <option name="exclude-filter" value="CtsVideoTestCases android.video.cts.VideoEncoderDecoderTest#testVp9Goog0Perf0640x0360" />
    <option name="exclude-filter" value="CtsAutoFillServiceTestCases android.autofillservice.cts.inline.InlineSimpleSaveActivityTest#testAutofill_oneDatasetAndSave" />
    <option name="exclude-filter" value="CtsIncidentHostTestCases com.android.server.cts.ErrorsTest#testANR" />
    <option name="exclude-filter" value="CtsJdwp org.apache.harmony.jpda.tests.jdwp.Events.MonitorWaitTest#testMonitorWaitForClassMatchFirst" />
    <option name="exclude-filter" value="CtsSecurityTestCases android.security.cts.MediaCryptoTest#testMediaCryptoClearKey" />
    <option name="exclude-filter" value="CtsHarmfulAppWarningHostTestCases android.harmfulappwarning.cts.HarmfulAppWarningTest#testDismissDialog" />
    <option name="exclude-filter" value="CtsSensorTestCases android.hardware.cts.SensorDirectReportTest#testTimestampGyro" />
    <option name="exclude-filter" value="CtsNetTestCases android.net.cts.SSLCertificateSocketFactoryTest#test_createSocket_wrapping" />
    <option name="exclude-filter" value="CtsUsageStatsTestCases android.app.usage.cts.UsageStatsTest#testNoAccessSilentlyFails" />
    <option name="exclude-filter" value="CtsLocation2TestCases android.location2.cts.LocationManagerTest#testGetNetworkProviderLocationUpdates_withListener" />
    <option name="exclude-filter" value="CtsSecurityBulletinHostTestCases android.security.cts.Poc17_05#testPocCVE_2017_0630" />
    <option name="exclude-filter" value="CtsVideoTestCases android.video.cts.VideoEncoderDecoderTest#testVp9Goog0Perf0320x0180" />
    <option name="exclude-filter" value="android.util.cts.EventLogTest#testWriteEventWithOversizeValue" />
    <option name="exclude-filter" value="CtsWindowManagerDeviceTestCases android.server.wm.AppConfigurationTests#testTaskCloseRestoreFreeOrientation" />
    <option name="exclude-filter" value="CtsSensorTestCases android.hardware.cts.SensorDirectReportTest#testAtomicCounterAccel" />
    <option name="exclude-filter" value="CtsJdwp org.apache.harmony.jpda.tests.jdwp.Events.MonitorWaitedTest#testMonitorWaitedForClassMatchSecond" />
    <option name="exclude-filter" value="CtsSensorTestCases android.hardware.cts.SensorDirectReportTest#testRateIndependencyGyroUncalGyroSingleChannel" />
    <option name="exclude-filter" value="CtsJdwp org.apache.harmony.jpda.tests.jdwp.DebuggerOnDemand.OnthrowDebuggerLaunchTest#testDebuggerLaunch001" />
    <option name="exclude-filter" value="CtsJdwp org.apache.harmony.jpda.tests.jdwp.DebuggerOnDemand.OnthrowDebuggerLaunchTest#testDebuggerLaunch002" />
    <option name="exclude-filter" value="CtsPrintTestCases" />
    <option name="exclude-filter" value="CtsJdwp org.apache.harmony.jpda.tests.jdwp.DebuggerOnDemand.OnthrowDebuggerLaunchTest#testDebuggerLaunch003" />
    <option name="exclude-filter" value="CtsJdwp org.apache.harmony.jpda.tests.jdwp.DebuggerOnDemand.OnthrowDebuggerLaunchTest#testDebuggerLaunch004" />
    <option name="exclude-filter" value="CtsAngleIntegrationHostTestCases android.angle.cts.CtsAngleDebugOptionHostTest#testDebugOptionOn" />
    <option name="exclude-filter" value="CtsSensorTestCases android.hardware.cts.SensorDirectReportTest#testTimestampAccel" />
    <option name="exclude-filter" value="CtsPermission3TestCases android.permission3.cts.PermissionTest23#testNoResidualPermissionsOnUninstall" />
    <option name="exclude-filter" value="CtsLiblogTestCases liblog#wrap_mode_blocks" />
    <option name="exclude-filter" value="CtsJdwp org.apache.harmony.jpda.tests.jdwp.VirtualMachine.HoldEventsTest#testHoldEvents001" />
    <option name="exclude-filter" value="CtsSecurityTestCases android.security.cts.AudioPolicyBinderTest#test_isStreamActive" />
    <option name="exclude-filter" value="arm64-v8a CtsWrapWrapDebugMallocDebugTestCases" />
    <option name="exclude-filter" value="arm64-v8a CtsRenderscriptLegacyTestCases" />
    <option name="exclude-filter" value="CtsJdwp org.apache.harmony.jpda.tests.jdwp.ReferenceType.ClassFileVersionTest#testClassFileVersion001" />
    <option name="exclude-filter" value="CtsStatsdHostTestCases android.cts.statsd.atom.UidAtomTests#testForegroundServiceState" />
    <option name="exclude-filter" value="CtsSensorTestCases android.hardware.cts.SensorDirectReportTest#testRegisterMultipleChannels" />
    <option name="exclude-filter" value="CtsLogdTestCases logd#sepolicy_rate_limiter" />
    <option name="reverse-exclude-filters" value="false" />
    <option name="module" value="CtsMediaTestCases" />
    <option name="test" value="android.media.cts.MediaSessionTest#testSetQueueWithLargeNumberOfItems" />
    <option name="test-arg" value="com.android.tradefed.testtype.AndroidJUnitTest:exclude-annotation:com.android.compatibility.common.util.CtsDownstreamingTest" />
    <option name="test-arg" value="com.android.compatibility.common.tradefed.testtype.JarHostTest:exclude-annotation:com.android.compatibility.common.util.CtsDownstreamingTest" />
    <option name="test-arg" value="com.android.tradefed.testtype.AndroidJUnitTest:exclude-annotation:android.platform.test.annotations.AsbSecurityTest" />
    <option name="test-arg" value="com.android.compatibility.common.tradefed.testtype.JarHostTest:exclude-annotation:android.platform.test.annotations.AsbSecurityTest" />
    <option name="test-arg" value="com.android.tradefed.testtype.AndroidJUnitTest:exclude-annotation:android.platform.test.annotations.AppModeInstant" />
    <option name="test-arg" value="com.android.compatibility.common.tradefed.testtype.JarHostTest:exclude-annotation:android.platform.test.annotations.AppModeInstant" />
    <option name="test-arg" value="com.android.tradefed.testtype.HostTest:exclude-annotation:android.platform.test.annotations.AppModeInstant" />
    <option name="run-suite-tag" value="cts" />
    <option name="prioritize-host-config" value="false" />
    <option name="skip-loading-config-jar" value="true" />
    <option name="enable-parameterized-modules" value="false" />
    <option name="enable-mainline-parameterized-modules" value="false" />
    <option name="enable-optional-parameterization" value="false" />
    <option name="fail-on-everything-filtered" value="false" />
    <option name="ignore-non-preloaded-mainline-module" value="false" />
    <option name="bugreport-on-failure" value="false" />
    <option name="logcat-on-failure" value="false" />
    <option name="logcat-on-failure-size" value="512000" />
    <option name="screenshot-on-failure" value="false" />
    <option name="reboot-on-failure" value="false" />
    <option name="reboot-per-module" value="false" />
    <option name="reboot-before-test" value="false" />
    <option name="skip-all-system-status-check" value="true" />
    <option name="report-system-checkers" value="false" />
    <option name="random-order" value="false" />
    <option name="random-seed" value="-1" />
    <option name="collect-tests-only" value="false" />
    <option name="skip-host-arch-check" value="false" />
    <option name="primary-abi-only" value="true" />
    <option name="enable-module-dynamic-download" value="false" />
    <option name="intra-module-sharding" value="true" />
    <option name="isolated-module" value="false" />
    <option name="retry-strategy" value="NO_RETRY" />
    <option name="merge-attempts" value="true" />
  </test>
  <config_desc class="com.android.tradefed.config.ConfigurationDescriptor">
    <option name="metadata" key="SERVER_REFERENCE" value="62e430a7-0194-4444-8044-3bfa3787ec1d" />
    <option name="not-shardable" value="false" />
    <option name="not-strict-shardable" value="false" />
    <option name="use-sandboxing" value="false" />
  </config_desc>
  <logger class="com.android.tradefed.log.FileLogger">
    <option name="max-log-size" value="200" />
    <option name="log-level" value="VERBOSE" />
    <option name="log-level-display" value="WARN" />
    <option name="force-verbosity-map" value="true" />
  </logger>
  <log_saver class="com.android.tradefed.result.FileSystemLogSaver">
    <option name="log-file-path" value="/tmp" />
    <option name="compress-files" value="true" />
  </log_saver>
  <result_reporter class="com.android.compatibility.common.tradefed.result.ConsoleReporter">
    <option name="quiet-output" value="true" />
  </result_reporter>
  <result_reporter class="com.android.compatibility.common.tradefed.result.suite.CompatibilityProtoResultReporter">
    <option name="skip-proto-compacting" value="false" />
    <option name="use-delimited-api" value="true" />
    <option name="proto-output-file" value="/home/youmehe/android-12.0.0_r3/out/host/linux-x86/cts/android-cts/results/2021.12.30_13.00.49/proto/test-record.pb" />
    <option name="periodic-proto-writing" value="true" />
    <option name="enable-granular-attempts" value="true" />
  </result_reporter>
  <result_reporter class="com.android.compatibility.common.tradefed.result.suite.CertificationSuiteResultReporter">
    <option name="disable-result-posting" value="false" />
    <option name="include-test-log-tags" value="false" />
    <option name="use-log-saver" value="false" />
    <option name="compress-logs" value="false" />
    <option name="html-in-zip" value="false" />
    <option name="cts-on-gsi-variant" value="false" />
    <option name="aggregate-metrics" value="true" />
  </result_reporter>
  <cmd_options class="com.android.tradefed.command.CommandOptions">
    <option name="help" value="false" />
    <option name="help-all" value="false" />
    <option name="dry-run" value="false" />
    <option name="noisy-dry-run" value="false" />
    <option name="min-loop-time" value="600000" />
    <option name="test-tag" value="cts" />
    <option name="loop" value="false" />
    <option name="max-loops" value="9223372036854775807" />
    <option name="all-devices" value="false" />
    <option name="bugreport-on-invocation-ended" value="false" />
    <option name="bugreportz-on-invocation-ended" value="false" />
    <option name="invocation-timeout" value="0" />
    <option name="optimize-mainline-test" value="false" />
    <option name="enable-token-sharding" value="false" />
    <option name="dynamic-sharding" value="true" />
    <option name="use-sandbox" value="false" />
    <option name="sandbox-test-mode" value="false" />
    <option name="use-remote-sandbox" value="false" />
    <option name="parallel-remote-setup" value="false" />
    <option name="parallel-setup" value="false" />
    <option name="parallel-setup-timeout" value="PT30M" />
    <option name="replicate-parent-setup" value="false" />
    <option name="report-module-progression" value="false" />
    <option name="extra-postsubmit-remote-instance" value="0" />
    <option name="logcat-on-failure" value="false" />
    <option name="screenshot-on-failure" value="false" />
    <option name="early-device-release" value="true" />
    <option name="report-counted-test-cases" value="true" />
    <option name="report-passed-tests" value="true" />
    <option name="filter-previous-passed" value="true" />
    <option name="report-invocation-complete-logs" value="false" />
    <option name="disable-invocation-setup-and-teardown" value="false" />
  </cmd_options>
  <system_checker class="com.android.tradefed.suite.checker.UserChecker">
    <option name="user-type" value="CURRENT" />
    <option name="user-cleanup" value="false" />
  </system_checker>
  <system_checker class="com.android.compatibility.common.tradefed.targetprep.NetworkConnectivityChecker" />
  <system_checker class="com.android.tradefed.suite.checker.ShellStatusChecker">
    <option name="expect-root" value="false" />
  </system_checker>
  <system_checker class="com.android.tradefed.suite.checker.EnforcedSeLinuxChecker">
    <option name="expect-enforced" value="true" />
  </system_checker>
  <system_checker class="com.android.tradefed.suite.checker.KeyguardStatusChecker" />
  <system_checker class="com.android.tradefed.suite.checker.LeakedThreadStatusChecker" />
  <system_checker class="com.android.tradefed.suite.checker.TimeStatusChecker" />
  <system_checker class="com.android.tradefed.suite.checker.DeviceSettingChecker" />
  <system_checker class="com.android.tradefed.suite.checker.SystemServerStatusChecker">
    <option name="disable-recovery-reboot" value="true" />
  </system_checker>
  <system_checker class="com.android.tradefed.suite.checker.SystemServerFileDescriptorChecker" />
  <sandbox_options class="com.android.tradefed.sandbox.SandboxOptions">
    <option name="use-proto-reporter" value="true" />
    <option name="wait-for-events" value="30000" />
    <option name="sandbox-debug-thread" value="false" />
    <option name="sandbox-default-zips" value="true" />
    <option name="dump-test-template" value="false" />
    <option name="avd-in-parent" value="true" />
  </sandbox_options>
  <retry_decision class="com.android.tradefed.retry.BaseRetryDecision">
    <option name="reboot-at-last-retry" value="false" />
    <option name="reset-at-last-retry" value="false" />
    <option name="retry-isolation-grade" value="NOT_ISOLATED" />
    <option name="max-testcase-run-count" value="1" />
    <option name="retry-strategy" value="NO_RETRY" />
    <option name="auto-retry" value="true" />
    <option name="updated-retry-reporting" value="true" />
    <option name="updated-filtering" value="true" />
  </retry_decision>
  <coverage class="com.android.tradefed.testtype.coverage.CoverageOptions">
    <option name="coverage" value="false" />
    <option name="coverage-flush" value="false" />
    <option name="profraw-filter" value=".*\.profraw" />
  </coverage>
</configuration>