<?xml version="1.0" encoding="UTF-8"?>
<root>
  <item name="com.polar.androidcommunications.api.ble.BleDeviceListener void setPowerMode(int) 0">
    <annotation name="androidx.annotation.IntDef">
      <val name="value" val="{com.polar.androidcommunications.api.ble.BleDeviceListener.POWER_MODE_NORMAL, com.polar.androidcommunications.api.ble.BleDeviceListener.POWER_MODE_LOW}" />
    </annotation>
  </item>
  <item name="com.polar.androidcommunications.api.ble.BleDeviceListener.PowerMode">
    <annotation name="androidx.annotation.IntDef">
      <val name="value" val="{com.polar.androidcommunications.api.ble.BleDeviceListener.POWER_MODE_NORMAL, com.polar.androidcommunications.api.ble.BleDeviceListener.POWER_MODE_LOW}" />
    </annotation>
  </item>
</root>

